"Raw","Grade.Prelim","Teach.Period","Unit","MARK","Grade","Median","Round.Total.nozero","Category","WAM"
68,"","1 2024","AGRI4407",68,"CR",69,68,70,73.75
0,"","1 2024","AGRI4407",0,"N",69,NA,5,NA
61,"","1 2024","AGRI4407",61,"CR",69,61,65,67.25
80,"","1 2024","AGRI4407",80,"HD",69,80,85,75.25
64,"","1 2024","AGRI4407",64,"CR",69,64,65,70.333
75,"","1 2024","AGRI4407",75,"D",69,75,80,69.75
70,"","1 2024","AGRI4407",70,"D",69,70,75,78.583
80,"","1 2024","AGRI4407",80,"HD",69,80,85,74.75
81,"","1 2024","AGRI4407",81,"HD",69,81,85,70.5
71,"","1 2024","AGRI4407",71,"D",69,71,75,67.417
68,"","1 2024","AGRI4407",68,"CR",69,68,70,74.625
57,"","1 2024","AGRI4407",57,"P",69,57,60,58.375
78.48537,"","1 2024","AGRI4409",78,"D",74,78,80,NA
72.65296,"","1 2024","AGRI4409",73,"D",74,73,75,NA
76.13162,"","1 2024","AGRI4409",76,"D",74,76,80,NA
83.62766,"","1 2024","AGRI4409",84,"HD",74,84,85,NA
77.13715,"","1 2024","AGRI4409",77,"D",74,77,80,NA
74.33992,"","1 2024","AGRI4409",74,"D",74,74,75,NA
75.38142,"","1 2024","AGRI4409",75,"D",74,75,80,NA
0,"","1 2024","AGRI4409",0,"N",74,NA,5,NA
75.20592,"","1 2024","AGRI4409",75,"D",74,75,80,NA
0,"","1 2024","AGRI4409",0,"N",74,NA,5,NA
70.80355,"","1 2024","AGRI4409",71,"D",74,71,75,NA
70.48379,"","1 2024","AGRI4409",70,"D",74,70,75,NA
77.44664,"","1 2024","AGRI4409",77,"D",74,77,80,NA
73.54466,"","1 2024","AGRI4409",74,"D",74,74,75,NA
64.23636,"","1 2024","AGRI4409",64,"CR",74,64,65,NA
84.19011,"","1 2024","AGRI4409",84,"HD",74,84,85,NA
70.4581,"","1 2024","AGRI4409",70,"D",74,70,75,NA
81.07865,"","1 2024","AGRI4409",81,"HD",74,81,85,NA
77.21501,"","1 2024","AGRI4409",77,"D",74,77,80,NA
72.18181,"","1 2024","AGRI4409",72,"D",74,72,75,NA
70.94901,"","1 2024","AGRI4409",71,"D",74,71,75,NA
79.06403,"","1 2024","AGRI4409",79,"D",74,79,80,NA
83.91541,"","1 2024","AGRI4409",84,"HD",74,84,85,NA
85.70434,"","1 2024","AGRI4409",86,"HD",74,86,90,NA
3.26086,"","1 2024","AGRI4409",3,"N",74,3,5,NA
71.88181,"","1 2024","AGRI4409",72,"D",74,72,75,NA
73.61106,"","1 2024","AGRI4409",74,"D",74,74,75,NA
76.02371,"","1 2024","AGRI4409",76,"D",74,76,80,NA
78.61541,"","1 2024","AGRI4409",79,"D",74,79,80,NA
67.32964,"","1 2024","AGRI4409",67,"CR",74,67,70,NA
66.99881,"","1 2024","AGRI4409",67,"CR",74,67,70,NA
81.39367,"","1 2024","AGRI4409",81,"HD",74,81,85,NA
72.97312,"","1 2024","AGRI4409",73,"D",74,73,75,NA
83.83636,"","1 2024","AGRI4409",84,"HD",74,84,85,NA
75.81225,"","1 2024","AGRI4409",76,"D",74,76,80,NA
72.70869,"","1 2024","AGRI4409",73,"D",74,73,75,NA
76.50158,"","1 2024","AGRI4409",77,"D",74,77,80,NA
75.4328,"","1 2024","AGRI4409",75,"D",74,75,80,NA
68.34545,"","1 2024","AGRI4409",68,"CR",74,68,70,NA
71.58379,"","1 2024","AGRI4409",72,"D",74,72,75,NA
68.6328,"","1 2024","AGRI4409",69,"CR",74,69,70,NA
73.02608,"","1 2024","AGRI4409",73,"D",74,73,75,NA
76.70909,"","1 2024","AGRI4409",77,"D",74,77,80,NA
69.21739,"","1 2024","AGRI4409",69,"CR",74,69,70,NA
79.07075,"","1 2024","AGRI4409",79,"D",74,79,80,NA
74.77193,"","1 2024","AGRI4409",75,"D",74,75,80,NA
74.41541,"","1 2024","AGRI4409",74,"D",74,74,75,NA
71.27272,"","1 2024","AGRI4409",71,"D",74,71,75,NA
0,"","1 2024","AGRI4409",0,"N",74,NA,5,NA
72.19881,"","1 2024","AGRI4409",72,"D",74,72,75,NA
70.82529,"","1 2024","AGRI4409",71,"D",74,71,75,NA
78.86877,"","1 2024","AGRI4409",79,"D",74,79,80,NA
75.05296,"","1 2024","AGRI4409",75,"D",74,75,80,NA
76.96996,"","1 2024","AGRI4409",77,"D",74,77,80,NA
71.08972,"","1 2024","AGRI4409",71,"D",74,71,75,NA
87.64584,"","1 2024","AGRI4409",88,"HD",74,88,90,NA
79.91383,"","1 2024","AGRI4409",80,"HD",74,80,85,NA
74.0249,"","1 2024","AGRI4409",74,"D",74,74,75,NA
63.91106,"","1 2024","AGRI4409",64,"CR",74,64,65,NA
70.57865,"","1 2024","AGRI4409",71,"D",74,71,75,NA
86.73050556,"","1 2024","AGRI4410",87,"HD",74,87,90,72
69.26097778,"","1 2024","AGRI4410",69,"CR",74,69,70,70.875
66.11793889,"","1 2024","AGRI4410",66,"CR",74,66,70,75.286
83.35958889,"","1 2024","AGRI4410",83,"HD",74,83,85,74.75
58.60999667,"","1 2024","AGRI4410",59,"P",74,59,60,59.125
43.22944111,"","1 2024","AGRI4410",43,"N",74,43,45,45.5
45.98607778,"","1 2024","AGRI4410",46,"N+",74,46,50,57.5
96.77212222,"","1 2024","AGRI4410",97,"HD",74,97,100,87.25
46.51971889,"","1 2024","AGRI4410",47,"N+",74,47,50,60.5
74.09996667,"","1 2024","AGRI4410",74,"D",74,74,75,68.75
65.07637556,"","1 2024","AGRI4410",65,"CR",74,65,70,62.5
71.01097778,"","1 2024","AGRI4410",71,"D",74,71,75,71.625
71.87349444,"","1 2024","AGRI4410",72,"D",74,72,75,71.143
77.65405,"","1 2024","AGRI4410",78,"D",74,78,80,75
60.49439444,"","1 2024","AGRI4410",60,"CR",74,60,65,50
39.50133889,"","1 2024","AGRI4410",40,"N",74,40,45,60
42.25302222,"","1 2024","AGRI4410",42,"N",74,42,45,60.75
66.21106111,"","1 2024","AGRI4410",66,"CR",74,66,70,73.25
69.38777778,"","1 2024","AGRI4410",69,"CR",74,69,70,59.25
65.53883889,"","1 2024","AGRI4410",66,"CR",74,66,70,70.25
73.09468889,"","1 2024","AGRI4410",73,"D",74,73,75,66.25
65.67766111,"","1 2024","AGRI4410",66,"CR",74,66,70,67.25
73.54295556,"","1 2024","AGRI4410",74,"D",74,74,75,78.25
85.44715556,"","1 2024","AGRI4410",85,"HD",74,85,90,68
93.69710556,"","1 2024","AGRI4410",94,"HD",74,94,95,79.4
79.99607778,"","1 2024","AGRI4410",80,"HD",74,80,85,68
73.75415667,"","1 2024","AGRI4410",74,"D",74,74,75,NA
68.68438889,"","1 2024","AGRI4410",69,"CR",74,69,70,65
78.27588889,"","1 2024","AGRI4410",78,"D",74,78,80,66.625
83.20383333,"","1 2024","AGRI4410",83,"HD",74,83,85,67
74.16216667,"","1 2024","AGRI4410",74,"D",74,74,75,67.375
76.80594444,"","1 2024","AGRI4410",77,"D",74,77,80,75.25
87.58360778,"","1 2024","AGRI4410",88,"HD",74,88,90,NA
53.85248667,"","1 2024","AGRI4410",54,"P",74,54,55,67
79.58471056,"","1 2024","AGRI4410",80,"HD",74,80,85,60
74.04856111,"","1 2024","AGRI4410",74,"D",74,74,75,69.375
86.74856111,"","1 2024","AGRI4410",87,"HD",74,87,90,73.5
86.26705556,"","1 2024","AGRI4410",86,"HD",74,86,90,73.375
77.2458,"","1 2024","AGRI4410",77,"D",74,77,80,75
72.80968889,"","1 2024","AGRI4410",73,"D",74,73,75,65.75
55.40441111,"","1 2024","AGRI4410",55,"P",74,55,60,62.25
85.69856111,"","1 2024","AGRI4410",86,"HD",74,86,90,65
63.35416333,"","1 2024","AGRI4410",63,"CR",74,63,65,66.875
45.59887722,"","1 2024","AGRI4410",46,"N+",74,46,50,74
66.28328333,"","1 2024","AGRI4410",66,"CR",74,66,70,52
81.90133889,"","1 2024","AGRI4410",82,"HD",74,82,85,70
81.04710556,"","1 2024","AGRI4410",81,"HD",74,81,85,67.625
87.79431111,"","1 2024","AGRI4410",88,"HD",74,88,90,77.25
84.61245,"","1 2024","AGRI4410",85,"HD",74,85,90,69
75.17527444,"","1 2024","AGRI4410",75,"D",74,75,80,63
89.01222056,"","1 2024","AGRI4410",89,"HD",74,89,90,81.25
58.7,"","1 2024","AGRI5503",59,"P",61,59,60,59.125
0,"","1 2024","AGRI5503",0,"N",61,NA,5,NA
34.9,"","1 2024","AGRI5503",35,"N",61,35,40,45.5
38.4,"","1 2024","AGRI5503",38,"N",61,38,40,60.5
81.2,"","1 2024","AGRI5503",81,"HD",61,81,85,70.625
48.5,"","1 2024","AGRI5503",49,"N+",61,49,50,60.75
68.8,"","1 2024","AGRI5503",69,"CR",61,69,70,73.25
46.8,"","1 2024","AGRI5503",47,"N+",61,47,50,59.25
54.9,"","1 2024","AGRI5503",55,"P",61,55,60,66.25
61.3,"","1 2024","AGRI5503",61,"CR",61,61,65,67.25
78,"","1 2024","AGRI5503",78,"D",61,78,80,69.167
80.9,"","1 2024","AGRI5503",81,"HD",61,81,85,66.625
36,"","1 2024","AGRI5503",36,"N",61,36,40,67
35.8,"","1 2024","AGRI5503",36,"N",61,36,40,67.375
52.6,"","1 2024","AGRI5503",53,"P",61,53,55,60
45.1,"","1 2024","AGRI5503",45,"N+",61,45,50,69.375
61.1,"","1 2024","AGRI5503",61,"CR",61,61,65,69.75
62.4,"","1 2024","AGRI5503",62,"CR",61,62,65,65.75
70.6,"","1 2024","AGRI5503",71,"D",61,71,75,65
75.1,"","1 2024","AGRI5503",75,"D",61,75,80,66.875
74.6,"","1 2024","AGRI5503",75,"D",61,75,80,70
83.7,"","1 2024","AGRI5503",84,"HD",61,84,85,67.625
64.2,"","1 2024","AGRI5503",64,"CR",61,64,65,63
82.05,"","1 2024","ECON4002",82,"HD",73,82,85,NA
72.9,"","1 2024","ECON4002",73,"D",73,73,75,NA
69.6,"","1 2024","ECON4002",70,"D",73,70,75,66.75
64.1,"","1 2024","ECON4002",64,"CR",73,64,65,58.714
87.65,"","1 2024","ECON4002",88,"HD",73,88,90,81
60.6,"","1 2024","ECON4002",61,"CR",73,61,65,62
84.15,"","1 2024","ECON4002",84,"HD",73,84,85,NA
75.95,"","1 2024","ECON4002",76,"D",73,76,80,71.25
60.5,"","1 2024","ECON4002",61,"CR",73,61,65,NA
67.65904786,"","1 2024","ECON4410",68,"CR",66,68,70,NA
59.65,"","1 2024","ECON4410",60,"CR",66,60,65,NA
73.00476143,"","1 2024","ECON4410",73,"D",66,73,75,NA
75.71190429,"","1 2024","ECON4410",76,"D",66,76,80,NA
84.53333286,"","1 2024","ECON4410",85,"HD",66,85,90,83.13
68,"","1 2024","ECON4410",68,"CR",66,68,70,NA
78.3714282,"","1 2024","ECON4410",78,"D",66,78,80,87
83.02857143,"","1 2024","ECON4410",83,"HD",66,83,85,NA
8.6333332,"","1 2024","ECON4410",9,"N",66,9,10,65.75
56.08476177,"","1 2024","ECON4410",56,"P",66,56,60,65.25
51.51714249,"","1 2024","ECON4410",52,"P",66,52,55,59.684
64.12190429,"","1 2024","ECON4410",64,"CR",66,64,65,71.5
66.2428566,"","1 2024","ECON4410",66,"CR",66,66,70,70.8
72.71428571,"","1 2024","ECON4410",73,"D",66,73,75,NA
0.75,"","1 2024","ECON4410",1,"N",66,1,5,40.75
73.97857143,"","1 2024","ECON4410",74,"D",66,74,75,NA
80.32857143,"","1 2024","ECON4410",80,"HD",66,80,85,NA
72.91428571,"","1 2024","ECON4410",73,"D",66,73,75,NA
58.23095214,"","1 2024","ECON4410",58,"P",66,58,60,62.889
24.70476143,"","1 2024","ECON4410",25,"N",66,25,30,43.077
57.19047643,"","1 2024","ECON4410",57,"P",66,57,60,72.125
54.21190409,"","1 2024","ECON4410",54,"P",66,54,55,66.2
70.45238071,"","1 2024","ECON4410",70,"D",66,70,75,NA
73.92619,"","1 2024","ECON4410",74,"D",66,74,75,86.667
52.66607051,"","1 2024","ECON4410",53,"P",66,53,55,61.667
50.79761857,"","1 2024","ECON4410",51,"P",66,51,55,62
65.53333286,"","1 2024","ECON4410",66,"CR",66,66,70,NA
60.60476143,"","1 2024","ECON4410",61,"CR",66,61,65,NA
80.59999929,"","1 2024","ECON4410",81,"HD",66,81,85,NA
71.76666571,"","1 2024","ECON4410",72,"D",66,72,75,NA
83.59761891,"","1 2024","ECON4410",84,"HD",66,84,85,74.75
70.8,"","1 2024","ECON4410",71,"D",66,71,75,NA
52.11177071,"","1 2024","ECON4410",52,"P",66,52,55,NA
50.04404749,"","1 2024","ECON4410",50,"P",66,50,55,71.75
57.34166643,"","1 2024","ECON4410",57,"P",66,57,60,NA
70.31190429,"","1 2024","ECON4410",70,"D",66,70,75,NA
59.53333286,"","1 2024","ECON4410",60,"CR",66,60,65,70.273
59.8180282,"","1 2024","ECON4410",60,"CR",66,60,65,50.25
62.74047534,"","1 2024","ECON4410",63,"CR",66,63,65,NA
70.19285714,"","1 2024","ECON4410",70,"D",66,70,75,62.688
69.65,"","1 2024","ECON5002",70,"D",70,70,75,68.5
92.65,"","1 2024","ECON5002",93,"HD",70,93,95,83.13
73.85,"","1 2024","ECON5002",74,"D",70,74,75,65.25
59.95,"","1 2024","ECON5002",60,"CR",70,60,65,61.875
66,"","1 2024","ECON5002",66,"CR",70,66,70,70.375
91.8,"","1 2024","ECON5002",92,"HD",70,92,95,86.667
59.5,"","1 2024","ECON5002",60,"CR",70,60,65,62
65.9,"","1 2024","ECON5002",66,"CR",70,66,70,70.75
72.45,"","1 2024","ECON5002",72,"D",70,72,75,69
74,"","1 2024","ECON5004",74,"D",73,74,75,68.5
91,"","1 2024","ECON5004",91,"HD",73,91,95,83.13
73,"","1 2024","ECON5004",73,"D",73,73,75,66.75
76,"","1 2024","ECON5004",76,"D",73,76,80,65.25
70,"","1 2024","ECON5004",70,"D",73,70,75,58.714
90,"","1 2024","ECON5004",90,"HD",73,90,95,81
94,"","1 2024","ECON5004",94,"HD",73,94,95,90.5
56,"","1 2024","ECON5004",56,"P",73,56,60,61.875
71,"","1 2024","ECON5004",71,"D",73,71,75,62
69,"","1 2024","ECON5004",69,"CR",73,69,70,64.25
74,"","1 2024","ECON5004",74,"D",73,74,75,71.25
58,"","1 2024","ECON5004",58,"P",73,58,60,70.75
68,"","1 2024","ECON5004",68,"CR",73,68,70,69
65.65,"","1 2024","ECON5006",66,"CR",74,66,70,70.375
81.75,"","1 2024","ECON5006",82,"HD",74,82,85,64.25
90,"","1 2024","ECON5410",90,"HD",90,90,95,90.5
74.25,"","1 2024","ENVT4401",74,"D",74,74,75,NA
78.95,"","1 2024","ENVT4401",79,"D",74,79,80,65.625
60.25,"","1 2024","ENVT4401",60,"CR",74,60,65,58
83,"","1 2024","ENVT4401",83,"HD",74,83,85,85.4
63.55,"","1 2024","ENVT4401",64,"CR",74,64,65,62.083
85.1,"","1 2024","ENVT4401",85,"HD",74,85,90,NA
70.4,"","1 2024","ENVT4401",70,"D",74,70,75,75.25
74.9,"","1 2024","ENVT4401",75,"D",74,75,80,70.333
64.8,"","1 2024","ENVT4401",65,"CR",74,65,70,NA
76,"","1 2024","ENVT4401",76,"D",74,76,80,NA
78.25,"","1 2024","ENVT4401",78,"D",74,78,80,NA
65.85,"","1 2024","ENVT4401",66,"CR",74,66,70,63.625
70.7,"","1 2024","ENVT4401",71,"D",74,71,75,79
68.65,"","1 2024","ENVT4401",69,"CR",74,69,70,74.375
75.95,"","1 2024","ENVT4401",76,"D",74,76,80,69.75
83.35,"","1 2024","ENVT4401",83,"HD",74,83,85,74.75
55.15,"","1 2024","ENVT4401",55,"P",74,55,60,73
75.25,"","1 2024","ENVT4401",75,"D",74,75,80,78
49.8,"","1 2024","ENVT4401",50,"P",74,50,55,29.4
68.3,"","1 2024","ENVT4401",68,"CR",74,68,70,64
77.2,"","1 2024","ENVT4401",77,"D",74,77,80,38.5
77.75,"","1 2024","ENVT4401",78,"D",74,78,80,70.5
72.5,"","1 2024","ENVT4401",73,"D",74,73,75,74.625
78.05,"","1 2024","ENVT4401",78,"D",74,78,80,69.545
72.15,"","1 2024","ENVT4401",72,"D",74,72,75,77.25
50,"","1 2024","ENVT4402",50,"P",69,50,55,58
56.3,"","1 2024","ENVT4402",56,"P",69,56,60,62.25
70.35,"","1 2024","ENVT4402",70,"D",69,70,75,72.25
85.85,"","1 2024","ENVT4402",86,"HD",69,86,90,NA
87.55,"","1 2024","ENVT4402",88,"HD",69,88,90,NA
62.15,"","1 2024","ENVT4402",62,"CR",69,62,65,69.5
72.9,"","1 2024","ENVT4402",73,"D",69,73,75,64.5
74.9,"","1 2024","ENVT4402",75,"D",69,75,80,73
81.45,"","1 2024","ENVT4402",81,"HD",69,81,85,NA
70.9,"","1 2024","ENVT4402",71,"D",69,71,75,73.4
59.15,"","1 2024","ENVT4402",59,"P",69,59,60,65.5
54.05,"","1 2024","ENVT4402",54,"P",69,54,55,57.125
58.6,"","1 2024","ENVT4402",59,"P",69,59,60,64.25
55.05,"","1 2024","ENVT4402",55,"P",69,55,60,63.25
50.45,"","1 2024","ENVT4402",50,"P",69,50,55,49.857
62.7,"","1 2024","ENVT4402",63,"CR",69,63,65,57.875
69.7,"","1 2024","ENVT4402",70,"D",69,70,75,68
72.3,"","1 2024","ENVT4402",72,"D",69,72,75,82
56.25,"","1 2024","ENVT4402",56,"P",69,56,60,66
69.45,"","1 2024","ENVT4402",69,"CR",69,69,70,72.75
74.4,"","1 2024","ENVT4402",74,"D",69,74,75,74.5
77.85,"","1 2024","ENVT4402",78,"D",69,78,80,75.75
73.05,"","1 2024","ENVT4402",73,"D",69,73,75,NA
50.3,"","1 2024","ENVT4402",50,"P",69,50,55,61.75
63.8,"","1 2024","ENVT4402",64,"CR",69,64,65,62.571
79.7,"","1 2024","ENVT4402",80,"HD",69,80,85,80
52.3,"","1 2024","ENVT4402",52,"P",69,52,55,50.25
45.15,"","1 2024","ENVT4402",45,"N+",69,45,50,NA
59.15,"","1 2024","ENVT4402",59,"P",69,59,60,58.625
72.4,"","1 2024","ENVT4402",72,"D",69,72,75,NA
84.8,"","1 2024","ENVT4402",85,"HD",69,85,90,68.5
90.23809524,"","1 2024","ENVT4409",90,"HD",81,90,95,77.25
69.95238095,"","1 2024","ENVT4409",70,"D",81,70,75,72.667
63,"","1 2024","ENVT4409",63,"CR",81,63,65,62.083
91.69047619,"","1 2024","ENVT4409",92,"HD",81,92,95,77.833
84.85714286,"","1 2024","ENVT4409",85,"HD",81,85,90,NA
85.83333333,"","1 2024","ENVT4409",86,"HD",81,86,90,78
8.666666667,"","1 2024","ENVT4409",9,"N",81,9,10,39.857
90.9047619,"","1 2024","ENVT4409",91,"HD",81,91,95,66.333
27.4047619,"","1 2024","ENVT4409",27,"N",81,27,30,NA
80.04761905,"","1 2024","ENVT4409",80,"HD",81,80,85,83.714
81.71428571,"","1 2024","ENVT4409",82,"HD",81,82,85,80
84.64285714,"","1 2024","ENVT4409",85,"HD",81,85,90,75.25
90.9047619,"","1 2024","ENVT4409",91,"HD",81,91,95,72
84.85714286,"","1 2024","ENVT4409",85,"HD",81,85,90,74.375
77,"","1 2024","ENVT4409",77,"D",81,77,80,NA
81,"","1 2024","ENVT4409",81,"HD",81,81,85,NA
98.16666667,"","1 2024","ENVT4409",98,"HD",81,98,100,84
78.80952381,"","1 2024","ENVT4409",79,"D",81,79,80,72.273
81.02380952,"","1 2024","ENVT4409",81,"HD",81,81,85,NA
88.19047619,"","1 2024","ENVT4409",88,"HD",81,88,90,NA
70.85714286,"","1 2024","ENVT4409",71,"D",81,71,75,65
67.28571429,"","1 2024","ENVT4409",67,"CR",81,67,70,59.625
67.26190476,"","1 2024","ENVT4409",67,"CR",81,67,70,72.25
97.16666667,"","1 2024","ENVT4409",97,"HD",81,97,100,NA
30.16666667,"","1 2024","ENVT4409",30,"N",81,30,35,52.214
87.02380952,"","1 2024","ENVT4409",87,"HD",81,87,90,NA
94.80952381,"","1 2024","ENVT4409",95,"HD",81,95,100,81.6
62.4826,"","1 2024","ENVT4409",62,"CR",81,62,65,NA
34.52380952,"","1 2024","ENVT4409",35,"N",81,35,40,44.4
56.75,"","1 2024","ENVT4411",57,"P",61,57,60,NA
70.8,"","1 2024","ENVT4411",71,"D",61,71,75,NA
51.7,"","1 2024","ENVT4411",52,"P",61,52,55,55.5
65.75,"","1 2024","ENVT4411",66,"CR",61,66,70,70.5
42.55,"","1 2024","ENVT4411",43,"N",61,43,45,65.375
31.65,"","1 2024","ENVT4411",32,"N",61,32,35,NA
13.95,"","1 2024","ENVT4411",14,"N",61,14,15,38.222
84.8,"","1 2024","ENVT4411",85,"HD",61,85,90,NA
26.95,"","1 2024","ENVT4411",27,"N",61,27,30,49.467
59.8,"","1 2024","ENVT4411",60,"CR",61,60,65,NA
70.95,"","1 2024","ENVT4411",71,"D",61,71,75,NA
70.45,"","1 2024","ENVT4411",70,"D",61,70,75,NA
49.1,"","1 2024","ENVT4411",49,"N+",61,49,50,NA
70.7,"","1 2024","ENVT4411",71,"D",61,71,75,83
NA,"","1 2024","ENVT4411",NA,NA,61,NA,NA,78.286
30,"","1 2024","ENVT4411",30,"N",61,30,35,NA
83.45,"","1 2024","ENVT4411",83,"HD",61,83,85,NA
71.4,"","1 2024","ENVT4411",71,"D",61,71,75,NA
61.4,"","1 2024","ENVT4411",61,"CR",61,61,65,80.5
31.2,"","1 2024","ENVT4411",31,"N",61,31,35,NA
66,"","1 2024","ENVT4411",66,"CR",61,66,70,NA
80.5,"","1 2024","ENVT4411",81,"HD",61,81,85,NA
45,"","1 2024","ENVT4411",45,"N+",61,45,50,NA
71.75,"","1 2024","ENVT4411",72,"D",61,72,75,NA
10.5,"","1 2024","ENVT4411",11,"N",61,11,15,NA
50.55,"","1 2024","ENVT4411",51,"P",61,51,55,NA
69.3,"","1 2024","ENVT4411",69,"CR",61,69,70,NA
72.35,"","1 2024","ENVT4411",72,"D",61,72,75,NA
76.8,"","1 2024","ENVT4411",77,"D",61,77,80,NA
84.35,"","1 2024","ENVT4411",84,"HD",61,84,85,81.25
NA,"","1 2024","ENVT4411",NA,NA,61,NA,NA,60.824
45.3,"","1 2024","ENVT4411",45,"N+",61,45,50,NA
66,"","1 2024","ENVT4411",66,"CR",61,66,70,NA
90.85,"","1 2024","ENVT4411",91,"HD",61,91,95,NA
59.55,"","1 2024","ENVT4411",60,"CR",61,60,65,NA
27.75,"","1 2024","ENVT4411",28,"N",61,28,30,NA
74.8,"","1 2024","ENVT4411",75,"D",61,75,80,NA
18.75,"","1 2024","ENVT4411",19,"N",61,19,20,NA
24,"","1 2024","ENVT4411",24,"N",61,24,25,NA
59.6,"","1 2024","ENVT4411",60,"CR",61,60,65,NA
61.9,"","1 2024","ENVT4411",62,"CR",61,62,65,NA
20.25,"","1 2024","ENVT4411",20,"N",61,20,25,NA
58.2,"","1 2024","ENVT4411",58,"P",61,58,60,71.5
40.2,"","1 2024","ENVT4411",40,"N",61,40,45,NA
55.7,"","1 2024","ENVT4411",56,"P",61,56,60,NA
68.6,"","1 2024","ENVT4411",69,"CR",61,69,70,NA
37.55,"","1 2024","ENVT4411",38,"N",61,38,40,68.125
75.15,"","1 2024","ENVT4411",75,"D",61,75,80,NA
24,"","1 2024","ENVT4411",24,"N",61,24,25,NA
62.4,"","1 2024","ENVT4411",62,"CR",61,62,65,NA
71.55,"","1 2024","ENVT4411",72,"D",61,72,75,75.692
83.45,"","1 2024","ENVT4411",83,"HD",61,83,85,NA
61,"","1 2024","ENVT4411",61,"CR",61,61,65,70.625
62.25,"","1 2024","ENVT4411",62,"CR",61,62,65,NA
70.4,"","1 2024","ENVT4411",70,"D",61,70,75,NA
84.3,"","1 2024","ENVT4411",84,"HD",61,84,85,NA
61.1,"","1 2024","ENVT4411",61,"CR",61,61,65,NA
33.9,"","1 2024","ENVT4411",34,"N",61,34,35,NA
NA,"","1 2024","ENVT4411",NA,NA,61,NA,NA,67.071
41.5,"","1 2024","ENVT4411",42,"N",61,42,45,NA
82.5,"","1 2024","ENVT4411",83,"HD",61,83,85,NA
81.75,"","1 2024","ENVT4411",82,"HD",61,82,85,NA
59.1,"","1 2024","ENVT4411",59,"P",61,59,60,64
46.45,"","1 2024","ENVT4411",46,"N+",61,46,50,NA
52.1,"","1 2024","ENVT4411",52,"P",61,52,55,NA
62.25,"","1 2024","ENVT4411",62,"CR",61,62,65,NA
61.75,"","1 2024","ENVT4411",62,"CR",61,62,65,NA
48.5,"","1 2024","ENVT4411",49,"N+",61,49,50,69
69.85,"","1 2024","ENVT4411",70,"D",61,70,75,77.5
72.35,"","1 2024","ENVT4411",72,"D",61,72,75,NA
63.85,"","1 2024","ENVT4411",64,"CR",61,64,65,73
53.95,"","1 2024","ENVT4411",54,"P",61,54,55,NA
64.9,"","1 2024","ENVT4411",65,"CR",61,65,70,73.5
76.8,"","1 2024","ENVT4411",77,"D",61,77,80,77.5
56,"","1 2024","ENVT4411",56,"P",61,56,60,NA
72.25,"","1 2024","ENVT4411",72,"D",61,72,75,79.75
78.15,"","1 2024","ENVT4411",78,"D",61,78,80,NA
45.85,"","1 2024","ENVT4411",46,"N+",61,46,50,NA
26.1,"","1 2024","ENVT4411",26,"N",61,26,30,NA
79.35,"","1 2024","ENVT4411",79,"D",61,79,80,NA
44.65,"","1 2024","ENVT4411",45,"N+",61,45,50,52.214
70.35,"","1 2024","ENVT4411",70,"D",61,70,75,72.5
18.75,"","1 2024","ENVT4411",19,"N",61,19,20,NA
48.5,"","1 2024","ENVT4411",49,"N+",61,49,50,NA
63.6,"","1 2024","ENVT4411",64,"CR",61,64,65,NA
26.25,"","1 2024","ENVT4411",26,"N",61,26,30,51.75
76.45,"","1 2024","ENVT4411",76,"D",61,76,80,NA
88.9,"","1 2024","ENVT4411",89,"HD",61,89,90,NA
52.55,"","1 2024","ENVT4411",53,"P",61,53,55,NA
12,"","1 2024","ENVT4411",12,"N",61,12,15,NA
0,"","1 2024","ENVT4411",0,"N",61,NA,5,NA
83,"","1 2024","ENVT4411",83,"HD",61,83,85,NA
54.65,"","1 2024","ENVT4411",55,"P",61,55,60,NA
43.05,"","1 2024","ENVT4411",43,"N",61,43,45,80.778
61,"","1 2024","ENVT4411",61,"CR",61,61,65,NA
84.85,"","1 2024","ENVT4411",85,"HD",61,85,90,84.167
51.85,"","1 2024","ENVT4411",52,"P",61,52,55,NA
70.55,"","1 2024","ENVT4411",71,"D",61,71,75,NA
66.85,"","1 2024","ENVT4411",67,"CR",61,67,70,70.375
54.3,"","1 2024","ENVT4411",54,"P",61,54,55,NA
52.25,"","1 2024","ENVT4411",52,"P",61,52,55,NA
72.3,"","1 2024","ENVT4411",72,"D",61,72,75,75.625
42.75,"","1 2024","ENVT4411",43,"N",61,43,45,NA
72.55,"","1 2024","ENVT4411",73,"D",61,73,75,NA
68.85,"","1 2024","ENVT4411",69,"CR",61,69,70,NA
60.4,"","1 2024","ENVT4411",60,"CR",61,60,65,67.25
62.35,"","1 2024","ENVT4411",62,"CR",61,62,65,50.25
57.9,"","1 2024","ENVT4411",58,"P",61,58,60,NA
64.85,"","1 2024","ENVT4411",65,"CR",61,65,70,66.5
40.8,"","1 2024","ENVT4411",41,"N",61,41,45,44.4
57.55,"","1 2024","ENVT4411",58,"P",61,58,60,70.75
63.55,"","1 2024","ENVT4411",64,"CR",61,64,65,66.455
40.55,"","1 2024","ENVT4411",41,"N",61,41,45,NA
70.4,"","1 2024","ENVT4411",70,"D",61,70,75,64.733
40.05,"","1 2024","ENVT4411",40,"N",61,40,45,NA
52.65,"","1 2024","ENVT4411",53,"P",61,53,55,NA
77.8,"","1 2024","ENVT4411",78,"D",61,78,80,74.545
72.3,"","1 2024","ENVT4421",72,"D",73,72,75,77.5
65.6,"","1 2024","ENVT4421",66,"CR",73,66,70,56.571
75.75,"","1 2024","ENVT4421",76,"D",73,76,80,79.25
80.25,"","1 2024","ENVT4421",80,"HD",73,80,85,82.625
80.15,"","1 2024","ENVT4421",80,"HD",73,80,85,77.25
73.6,"","1 2024","ENVT4421",74,"D",73,74,75,72.667
77,"","1 2024","ENVT4421",77,"D",73,77,80,NA
68.7,"","1 2024","ENVT4421",69,"CR",73,69,70,NA
70.35,"","1 2024","ENVT4421",70,"D",73,70,75,62.25
67.9,"","1 2024","ENVT4421",68,"CR",73,68,70,66.75
68.25,"","1 2024","ENVT4421",68,"CR",73,68,70,72.25
69.05,"","1 2024","ENVT4421",69,"CR",73,69,70,76.5
82.15,"","1 2024","ENVT4421",82,"HD",73,82,85,NA
77.55,"","1 2024","ENVT4421",78,"D",73,78,80,76.188
66.9,"","1 2024","ENVT4421",67,"CR",73,67,70,64.5
82.65,"","1 2024","ENVT4421",83,"HD",73,83,85,77.2
54.05,"","1 2024","ENVT4421",54,"P",73,54,55,NA
78.05,"","1 2024","ENVT4421",78,"D",73,78,80,NA
76.7,"","1 2024","ENVT4421",77,"D",73,77,80,75.25
65.2,"","1 2024","ENVT4421",65,"CR",73,65,70,67
78.6,"","1 2024","ENVT4421",79,"D",73,79,80,74.375
64.1,"","1 2024","ENVT4421",64,"CR",73,64,65,67.5
75.75,"","1 2024","ENVT4421",76,"D",73,76,80,79.857
46.2,"","1 2024","ENVT4421",46,"N+",73,46,50,NA
89.8,"","1 2024","ENVT4421",90,"HD",73,90,95,NA
70.55,"","1 2024","ENVT4421",71,"D",73,71,75,83.25
73.65,"","1 2024","ENVT4421",74,"D",73,74,75,78.583
85.6,"","1 2024","ENVT4421",86,"HD",73,86,90,72.429
73.2,"","1 2024","ENVT4421",73,"D",73,73,75,NA
85.9,"","1 2024","ENVT4421",86,"HD",73,86,90,83.682
78.15,"","1 2024","ENVT4421",78,"D",73,78,80,65.2
64.5,"","1 2024","ENVT4421",65,"CR",73,65,70,68
52.4,"","1 2024","ENVT4421",52,"P",73,52,55,56
62.45,"","1 2024","ENVT4421",62,"CR",73,62,65,63.25
NA,NA,"1 2024","ENVT4421",NA,NA,73,NA,NA,49.857
65.15,"","1 2024","ENVT4421",65,"CR",73,65,70,73
68.2,"","1 2024","ENVT4421",68,"CR",73,68,70,59.625
69.6,"","1 2024","ENVT4421",70,"D",73,70,75,67
63.2,"","1 2024","ENVT4421",63,"CR",73,63,65,57.875
71.65,"","1 2024","ENVT4421",72,"D",73,72,75,82
87.95,"","1 2024","ENVT4421",88,"HD",73,88,90,79.421
76.35,"","1 2024","ENVT4421",76,"D",73,76,80,76.545
70.4,"","1 2024","ENVT4421",70,"D",73,70,75,66
73.5,"","1 2024","ENVT4421",74,"D",73,74,75,72.75
80.25,"","1 2024","ENVT4421",80,"HD",73,80,85,80.8
72.25,"","1 2024","ENVT4421",72,"D",73,72,75,71.063
50.95,"","1 2024","ENVT4421",51,"P",73,51,55,38.5
74.3,"","1 2024","ENVT4421",74,"D",73,74,75,74.5
71.6,"","1 2024","ENVT4421",72,"D",73,72,75,61.75
70.25,"","1 2024","ENVT4421",70,"D",73,70,75,70.167
77.9,"","1 2024","ENVT4421",78,"D",73,78,80,NA
61.05,"","1 2024","ENVT4421",61,"CR",73,61,65,71.75
91.9,"","1 2024","ENVT4421",92,"HD",73,92,95,NA
76,"","1 2024","ENVT4421",76,"D",73,76,80,NA
73,"","1 2024","ENVT4421",73,"D",73,73,75,68.5
81.9,"","1 2024","ENVT4421",82,"HD",73,82,85,77.25
61.6,"","1 2024","ENVT4422",62,"CR",67.5,62,65,55.5
67.1,"","1 2024","ENVT4422",67,"CR",67.5,67,70,72
70.4,"","1 2024","ENVT4422",70,"D",67.5,70,75,78.333
71.2,"","1 2024","ENVT4422",71,"D",67.5,71,75,73.75
80.2,"","1 2024","ENVT4422",80,"HD",67.5,80,85,79.25
74.3,"","1 2024","ENVT4422",74,"D",67.5,74,75,NA
69.7,"","1 2024","ENVT4422",70,"D",67.5,70,75,NA
34.6,"","1 2024","ENVT4422",35,"N",67.5,35,40,45.5
78.4,"","1 2024","ENVT4422",78,"D",67.5,78,80,72.25
46.4,"","1 2024","ENVT4422",46,"N+",67.5,46,50,57.5
71.7,"","1 2024","ENVT4422",72,"D",67.5,72,75,76.5
76.6,"","1 2024","ENVT4422",77,"D",67.5,77,80,NA
58.6,"","1 2024","ENVT4422",59,"P",67.5,59,60,64.25
59.6,"","1 2024","ENVT4422",60,"CR",67.5,60,65,NA
46.1,"","1 2024","ENVT4422",46,"N+",67.5,46,50,60.5
80.4,"","1 2024","ENVT4422",80,"HD",67.5,80,85,76.188
66.7,"","1 2024","ENVT4422",67,"CR",67.5,67,70,62.5
68,"","1 2024","ENVT4422",68,"CR",67.5,68,70,70.333
50.4,"","1 2024","ENVT4422",50,"P",67.5,50,55,NA
77.2,"","1 2024","ENVT4422",77,"D",67.5,77,80,NA
64.7,"","1 2024","ENVT4422",65,"CR",67.5,65,70,67
25.2,"","1 2024","ENVT4422",25,"N",67.5,25,30,NA
39.95,"","1 2024","ENVT4422",40,"N",67.5,40,45,50
56.5,"","1 2024","ENVT4422",57,"P",67.5,57,60,60
40,"","1 2024","ENVT4422",40,"N",67.5,40,45,60.75
57.6,"","1 2024","ENVT4422",58,"P",67.5,58,60,59.25
69.7,"","1 2024","ENVT4422",70,"D",67.5,70,75,78.25
64.2,"","1 2024","ENVT4422",64,"CR",67.5,64,65,68
84.7,"","1 2024","ENVT4422",85,"HD",67.5,85,90,NA
55.6,"","1 2024","ENVT4422",56,"P",67.5,56,60,68
69.7,"","1 2024","ENVT4422",70,"D",67.5,70,75,69.75
49.3,"","1 2024","ENVT4422",49,"N+",67.5,49,50,65
76.4,"","1 2024","ENVT4422",76,"D",67.5,76,80,NA
86.5,"","1 2024","ENVT4422",87,"HD",67.5,87,90,83.682
69.7,"","1 2024","ENVT4422",70,"D",67.5,70,75,74.75
68,"","1 2024","ENVT4422",68,"CR",67.5,68,70,68
57.1,"","1 2024","ENVT4422",57,"P",67.5,57,60,56
55.5,"","1 2024","ENVT4422",56,"P",67.5,56,60,63.25
52.8,"","1 2024","ENVT4422",53,"P",67.5,53,55,29.4
75.7,"","1 2024","ENVT4422",76,"D",67.5,76,80,82
60.1,"","1 2024","ENVT4422",60,"CR",67.5,60,65,67
60.9,"","1 2024","ENVT4422",61,"CR",67.5,61,65,60
82.8,"","1 2024","ENVT4422",83,"HD",67.5,83,85,62.75
67.3,"","1 2024","ENVT4422",67,"CR",67.5,67,70,38.5
53.5,"","1 2024","ENVT4422",54,"P",67.5,54,55,75
72.9,"","1 2024","ENVT4422",73,"D",67.5,73,75,70.5
81.8,"","1 2024","ENVT4422",82,"HD",67.5,82,85,NA
67.6,"","1 2024","ENVT4422",68,"CR",67.5,68,70,71.75
47.75,"","1 2024","ENVT4422",48,"N+",67.5,48,50,62.25
89,"","1 2024","ENVT4422",89,"HD",67.5,89,90,NA
54,"","1 2024","ENVT4422",54,"P",67.5,54,55,74
52.2,"","1 2024","ENVT4422",52,"P",67.5,52,55,52
82,"","1 2024","ENVT4422",82,"HD",67.5,82,85,80
68.6,"","1 2024","ENVT4422",69,"CR",67.5,69,70,69.545
69.1,"","1 2024","ENVT4422",69,"CR",67.5,69,70,NA
77.7,"","1 2024","ENVT4422",78,"D",67.5,78,80,68.5
73.5,"","1 2024","ENVT4422",74,"D",67.5,74,75,69
55.7,"","1 2024","ENVT4422",56,"P",67.5,56,60,63
29.37,"","1 2024","ENVT4461",29,"N",68,29,30,NA
60.59,"","1 2024","ENVT4461",61,"CR",68,61,65,NA
78.14,"","1 2024","ENVT4461",78,"D",68,78,80,NA
70.71,"","1 2024","ENVT4461",71,"D",68,71,75,NA
72.72,"","1 2024","ENVT4461",73,"D",68,73,75,NA
64.89,"","1 2024","ENVT4461",65,"CR",68,65,70,NA
61.7,"","1 2024","ENVT4461",62,"CR",68,62,65,59.125
12.26,"","1 2024","ENVT4461",12,"N",68,12,15,34.857
81.78,"","1 2024","ENVT4461",82,"HD",68,82,85,NA
72.71,"","1 2024","ENVT4461",73,"D",68,73,75,NA
79.42,"","1 2024","ENVT4461",79,"D",68,79,80,NA
81.39,"","1 2024","ENVT4461",81,"HD",68,81,85,NA
59.83,"","1 2024","ENVT4461",60,"CR",68,60,65,NA
63.42,"","1 2024","ENVT4461",63,"CR",68,63,65,NA
NA,NA,"1 2024","ENVT4461",NA,NA,68,NA,NA,NA
71.14,"","1 2024","ENVT4461",71,"D",68,71,75,NA
60.85,"","1 2024","ENVT4461",61,"CR",68,61,65,NA
61.72,"","1 2024","ENVT4461",62,"CR",68,62,65,NA
72.53,"","1 2024","ENVT4461",73,"D",68,73,75,NA
70.65,"","1 2024","ENVT4461",71,"D",68,71,75,NA
71.31,"","1 2024","ENVT4461",71,"D",68,71,75,NA
71.14,"","1 2024","ENVT4461",71,"D",68,71,75,NA
18.33,"","1 2024","ENVT4461",18,"N",68,18,20,NA
70.5,"","1 2024","ENVT4461",71,"D",68,71,75,NA
66.61,"","1 2024","ENVT4461",67,"CR",68,67,70,NA
29.01,"","1 2024","ENVT4461",29,"N",68,29,30,65.2
68.06,"","1 2024","ENVT4461",68,"CR",68,68,70,NA
66,"","1 2024","ENVT4461",66,"CR",68,66,70,NA
72.67,"","1 2024","ENVT4461",73,"D",68,73,75,NA
NA,NA,"1 2024","ENVT4461",NA,NA,68,NA,NA,29.4
80.19,"","1 2024","ENVT4461",80,"HD",68,80,85,NA
46.92,"","1 2024","ENVT4461",47,"N+",68,47,50,NA
75.67,"","1 2024","ENVT4461",76,"D",68,76,80,NA
61.83,"","1 2024","ENVT4461",62,"CR",68,62,65,NA
74.97,"","1 2024","ENVT4461",75,"D",68,75,80,NA
68.94,"","1 2024","ENVT4461",69,"CR",68,69,70,NA
58.01,"","1 2024","ENVT4461",58,"P",68,58,60,NA
27.95,"","1 2024","ENVT4461",28,"N",68,28,30,NA
57.94,"","1 2024","ENVT4461",58,"P",68,58,60,NA
69.75,"","1 2024","ENVT4461",70,"D",68,70,75,NA
NA,NA,"1 2024","ENVT4461",NA,NA,68,NA,NA,NA
67.78,"","1 2024","ENVT4461",68,"CR",68,68,70,NA
59.75,"","1 2024","ENVT4461",60,"CR",68,60,65,NA
61.79,"","1 2024","ENVT4461",62,"CR",68,62,65,NA
70.86,"","1 2024","ENVT4461",71,"D",68,71,75,NA
66.64,"","1 2024","ENVT4461",67,"CR",68,67,70,NA
67.64,"","1 2024","ENVT4461",68,"CR",68,68,70,NA
NA,NA,"1 2024","ENVT5005",NA,NA,80,NA,NA,77.5
NA,NA,"1 2024","ENVT5005",NA,NA,80,NA,NA,75.5
NA,NA,"1 2024","ENVT5005",NA,NA,80,NA,NA,82.625
NA,NA,"1 2024","ENVT5005",NA,NA,80,NA,NA,78
NA,NA,"1 2024","ENVT5005",NA,NA,80,NA,NA,65.625
NA,NA,"1 2024","ENVT5005",NA,NA,80,NA,NA,68.833
81,"","1 2024","ENVT5005",81,"HD",80,81,85,64.25
82,"","1 2024","ENVT5005",82,"HD",80,82,85,77.444
NA,NA,"1 2024","ENVT5005",NA,NA,80,NA,NA,60.846
NA,NA,"1 2024","ENVT5005",NA,NA,80,NA,NA,71.625
NA,NA,"1 2024","ENVT5005",NA,NA,80,NA,NA,80
NA,NA,"1 2024","ENVT5005",NA,NA,80,NA,NA,75.286
80,"","1 2024","ENVT5005",80,"HD",80,80,85,NA
NA,NA,"1 2024","ENVT5005",NA,NA,80,NA,NA,71.143
NA,NA,"1 2024","ENVT5005",NA,NA,80,NA,NA,69.5
NA,NA,"1 2024","ENVT5005",NA,NA,80,NA,NA,62.917
NA,NA,"1 2024","ENVT5005",NA,NA,80,NA,NA,77.1
NA,NA,"1 2024","ENVT5005",NA,NA,80,NA,NA,73.25
54,"","1 2024","ENVT5005",54,"P",80,54,55,63.625
NA,NA,"1 2024","ENVT5005",NA,NA,80,NA,NA,43.077
NA,NA,"1 2024","ENVT5005",NA,NA,80,NA,NA,79.25
NA,NA,"1 2024","ENVT5005",NA,NA,80,NA,NA,67.25
NA,NA,"1 2024","ENVT5005",NA,NA,80,NA,NA,NA
NA,NA,"1 2024","ENVT5005",NA,NA,80,NA,NA,70.909
NA,NA,"1 2024","ENVT5005",NA,NA,80,NA,NA,68.917
NA,NA,"1 2024","ENVT5005",NA,NA,80,NA,NA,68
NA,NA,"1 2024","ENVT5005",NA,NA,80,NA,NA,63.923
NA,NA,"1 2024","ENVT5005",NA,NA,80,NA,NA,56
NA,NA,"1 2024","ENVT5005",NA,NA,80,NA,NA,56
NA,NA,"1 2024","ENVT5005",NA,NA,80,NA,NA,68.75
NA,NA,"1 2024","ENVT5005",NA,NA,80,NA,NA,77.5
81,"","1 2024","ENVT5005",81,"HD",80,81,85,72.25
NA,NA,"1 2024","ENVT5005",NA,NA,80,NA,NA,NA
NA,NA,"1 2024","ENVT5005",NA,NA,80,NA,NA,67.083
NA,NA,"1 2024","ENVT5005",NA,NA,80,NA,NA,70
NA,NA,"1 2024","ENVT5005",NA,NA,80,NA,NA,50.25
NA,NA,"1 2024","ENVT5005",NA,NA,80,NA,NA,62
77,"","1 2024","ENVT5005",77,"D",80,77,80,77.25
NA,NA,"1 2024","ENVT5005",NA,NA,80,NA,NA,77.25
NA,NA,"1 2024","ENVT5005",NA,NA,80,NA,NA,66
NA,NA,"1 2024","ENVT5005",NA,NA,80,NA,NA,81.25
73,"","1 2024","ENVT5005",73,"D",80,73,75,65
76.4,"","H1C 2024","ENVT5310",76,"D",75.5,76,80,NA
80.2,"","H1C 2024","ENVT5310",80,"HD",75.5,80,85,77.5
72.9,"","H1C 2024","ENVT5310",73,"D",75.5,73,75,71.25
57.7,"","H1C 2024","ENVT5310",58,"P",75.5,58,60,48
93.4,"","H1C 2024","ENVT5310",93,"HD",75.5,93,95,NA
72.7,"","H1C 2024","ENVT5310",73,"D",75.5,73,75,NA
74.9,"","H1C 2024","ENVT5310",75,"D",75.5,75,80,77.444
66.7,"","H1C 2024","ENVT5310",67,"CR",75.5,67,70,69.833
79.9,"","H1C 2024","ENVT5310",80,"HD",75.5,80,85,72.261
68.7,"","H1C 2024","ENVT5310",69,"CR",75.5,69,70,72
62.9,"","H1C 2024","ENVT5310",63,"CR",75.5,63,65,64.375
87.4,"","H1C 2024","ENVT5310",87,"HD",75.5,87,90,NA
87.4,"","H1C 2024","ENVT5310",87,"HD",75.5,87,90,NA
73.7,"","H1C 2024","ENVT5310",74,"D",75.5,74,75,70.909
81.9,"","H1C 2024","ENVT5310",82,"HD",75.5,82,85,NA
69.7,"","H1C 2024","ENVT5310",70,"D",75.5,70,75,79.25
61.2,"","H1C 2024","ENVT5310",61,"CR",75.5,61,65,62.5
87.9,"","H1C 2024","ENVT5310",88,"HD",75.5,88,90,81.5
87.7,"","H1C 2024","ENVT5310",88,"HD",75.5,88,90,NA
83.4,"","H1C 2024","ENVT5310",83,"HD",75.5,83,85,79
64.2,"","H1C 2024","ENVT5310",64,"CR",75.5,64,65,70.75
75.7,"","H1C 2024","ENVT5310",76,"D",75.5,76,80,78.75
65.3,"","1 2024","ENVT5513",65,"CR",78,65,70,65.375
84.6,"","1 2024","ENVT5513",85,"HD",78,85,90,77.5
78.4,"","1 2024","ENVT5513",78,"D",78,78,80,77.5
72.6,"","1 2024","ENVT5513",73,"D",78,73,75,72.583
82.1,"","1 2024","ENVT5513",82,"HD",78,82,85,81.25
83.1,"","1 2024","ENVT5513",83,"HD",78,83,85,69.833
82.1,"","1 2024","ENVT5513",82,"HD",78,82,85,80.5
67.7,"","1 2024","ENVT5513",68,"CR",78,68,70,72.261
66.5,"","1 2024","ENVT5513",67,"CR",78,67,70,67
82.2,"","1 2024","ENVT5513",82,"HD",78,82,85,74.5
77.4,"","1 2024","ENVT5513",77,"D",78,77,80,72
67.8,"","1 2024","ENVT5513",68,"CR",78,68,70,79.25
63.4,"","1 2024","ENVT5513",63,"CR",78,63,65,62.5
87.1,"","1 2024","ENVT5513",87,"HD",78,87,90,NA
61.1,"","1 2024","ENVT5513",61,"CR",78,61,65,59.625
93.8,"","1 2024","ENVT5513",94,"HD",78,94,95,79
75.1,"","1 2024","ENVT5513",75,"D",78,75,80,NA
65.2,"","1 2024","ENVT5513",65,"CR",78,65,70,70.75
93.6,"","1 2024","ENVT5513",94,"HD",78,94,95,NA
80,"","1 2024","ENVT5513",80,"HD",78,80,85,72.05
82.6,"","1 2024","ENVT5513",83,"HD",78,83,85,78.75
70,"","1 2024","ENVT5518",70,"D",73.5,70,75,70.8
88.4,"","1 2024","ENVT5518",88,"HD",73.5,88,90,82.125
NA,NA,"1 2024","ENVT5518",NA,NA,73.5,NA,NA,57.857
NA,NA,"1 2024","ENVT5518",NA,NA,73.5,NA,NA,NA
56.2,"","1 2024","ENVT5518",56,"P",73.5,56,60,60.909
74.5,"","1 2024","ENVT5518",75,"D",73.5,75,80,77.25
65.95,"","1 2024","ENVT5518",66,"CR",73.5,66,70,75.5
74.5,"","1 2024","ENVT5518",75,"D",73.5,75,80,78
87.95,"","1 2024","ENVT5518",88,"HD",73.5,88,90,85.625
63.7,"","1 2024","ENVT5518",64,"CR",73.5,64,65,NA
NA,"WH","1 2024","ENVT5518",NA,NA,73.5,NA,NA,NA
75.4,"","1 2024","ENVT5518",75,"D",73.5,75,80,75.25
76.35,"","1 2024","ENVT5518",76,"D",73.5,76,80,69.5
74.2,"","1 2024","ENVT5518",74,"D",73.5,74,75,NA
69.7,"","1 2024","ENVT5518",70,"D",73.5,70,75,64.5
70.2,"","1 2024","ENVT5518",70,"D",73.5,70,75,77.636
86.2,"","1 2024","ENVT5518",86,"HD",73.5,86,90,NA
79,"","1 2024","ENVT5518",79,"D",73.5,79,80,NA
68.25,"","1 2024","ENVT5518",68,"CR",73.5,68,70,58.714
NA,NA,"1 2024","ENVT5518",NA,NA,73.5,NA,NA,42.909
70.05,"","1 2024","ENVT5518",70,"D",73.5,70,75,65.5
NA,NA,"1 2024","ENVT5518",NA,NA,73.5,NA,NA,54
50.7,"","1 2024","ENVT5518",51,"P",73.5,51,55,57.125
81.1,"","1 2024","ENVT5518",81,"HD",73.5,81,85,79
14.55,"","1 2024","ENVT5518",15,"N",73.5,15,20,NA
62.4,"","1 2024","ENVT5518",62,"CR",73.5,62,65,NA
53.75,"","1 2024","ENVT5518",54,"P",73.5,54,55,49.857
77,"","1 2024","ENVT5518",77,"D",73.5,77,80,81.167
74.25,"","1 2024","ENVT5518",74,"D",73.5,74,75,71.2
75,"","1 2024","ENVT5518",75,"D",73.5,75,80,68
73.55,"","1 2024","ENVT5518",74,"D",73.5,74,75,72.75
84.7,"","1 2024","ENVT5518",85,"HD",73.5,85,90,74.5
NA,NA,"1 2024","ENVT5518",NA,NA,73.5,NA,NA,52.214
75.05,"","1 2024","ENVT5518",75,"D",73.5,75,80,75.75
81.55,"","1 2024","ENVT5518",82,"HD",73.5,82,85,78.5
62.45,"","1 2024","ENVT5518",62,"CR",73.5,62,65,69.909
90.5,"","1 2024","ENVT5518",91,"HD",73.5,91,95,NA
71.25,"","1 2024","ENVT5518",71,"D",73.5,71,75,67.083
64.45,"","1 2024","ENVT5518",64,"CR",73.5,64,65,71.75
68.3,"","1 2024","ENVT5518",68,"CR",73.5,68,70,NA
73.15,"","1 2024","ENVT5518",73,"D",73.5,73,75,62.571
80.2,"","1 2024","ENVT5518",80,"HD",73.5,80,85,NA
68.95,"","1 2024","ENVT5518",69,"CR",73.5,69,70,69
54,"","1 2024","ENVT5518",54,"P",73.5,54,55,58.625
42.78181818,"","1 2024","ENVT5561",43,"N",70,43,45,65.625
48.89090909,"","1 2024","ENVT5561",49,"N+",70,49,50,NA
68.25454545,"","1 2024","ENVT5561",68,"CR",70,68,70,72.25
72.61818182,"","1 2024","ENVT5561",73,"D",70,73,75,69.5
69.23636364,"","1 2024","ENVT5561",69,"CR",70,69,70,64.5
73.09090909,"","1 2024","ENVT5561",73,"D",70,73,75,70.625
74.74545455,"","1 2024","ENVT5561",75,"D",70,75,80,72.429
57.6,"","1 2024","ENVT5561",58,"P",70,58,60,63.625
2.727272727,"","1 2024","ENVT5561",3,"N",70,3,5,43.077
39.54545455,"","1 2024","ENVT5561",40,"N",70,40,45,65.5
44.45454545,"","1 2024","ENVT5561",44,"N",70,44,45,54
52.65454545,"","1 2024","ENVT5561",53,"P",70,53,55,57.125
89.45454545,"","1 2024","ENVT5561",89,"HD",70,89,90,NA
73.4,"","1 2024","ENVT5561",73,"D",70,73,75,70.909
73.41818182,"","1 2024","ENVT5561",73,"D",70,73,75,72.429
77.58181818,"","1 2024","ENVT5561",78,"D",70,78,80,63.25
61.10909091,"","1 2024","ENVT5561",61,"CR",70,61,65,49.857
79.03636364,"","1 2024","ENVT5561",79,"D",70,79,80,81.167
70.18181818,"","1 2024","ENVT5561",70,"D",70,70,75,68
70.43636364,"","1 2024","ENVT5561",70,"D",70,70,75,82
66.23636364,"","1 2024","ENVT5561",66,"CR",70,66,70,66
73.14545455,"","1 2024","ENVT5561",73,"D",70,73,75,72.75
83.56363636,"","1 2024","ENVT5561",84,"HD",70,84,85,74.5
80.83636364,"","1 2024","ENVT5561",81,"HD",70,81,85,75.75
59.78181818,"","1 2024","ENVT5561",60,"CR",70,60,65,61.75
69.61818182,"","1 2024","ENVT5561",70,"D",70,70,75,62.571
50.30909091,"","1 2024","ENVT5561",50,"P",70,50,55,58.625
76.10909091,"","1 2024","ENVT5561",76,"D",70,76,80,68.5
67.72727273,"","1 2024","ENVT5561",68,"CR",70,68,70,59.6
71.2,"","1 2024","ENVT5561",71,"D",70,71,75,65
72.83636364,"","1 2024","ENVT5562",73,"D",74,73,75,56.571
73.47272727,"","1 2024","ENVT5562",73,"D",74,73,75,78.273
73.94545455,"","1 2024","ENVT5562",74,"D",74,74,75,79.25
78.10909091,"","1 2024","ENVT5562",78,"D",74,78,80,NA
74.74545455,"","1 2024","ENVT5562",75,"D",74,75,80,70.25
77.09090909,"","1 2024","ENVT5562",77,"D",74,77,80,80.25
69.90909091,"","1 2024","ENVT5562",70,"D",74,70,75,73.75
78.83636364,"","1 2024","ENVT5562",79,"D",74,79,80,74.5
74.4,"","1 2024","ENVT5562",74,"D",74,74,75,67.125
73.09090909,"","1 2024","ENVT5563",73,"D",79,73,75,77.25
84.6,"","1 2024","ENVT5563",85,"HD",79,85,90,77.833
81.38181818,"","1 2024","ENVT5564",81,"HD",70,81,85,82.625
68.43636364,"","1 2024","ENVT5564",68,"CR",70,68,70,62.25
71.85454545,"","1 2024","ENVT5564",72,"D",70,72,75,76.5
49.90909091,"","1 2024","ENVT5564",50,"P",70,50,55,77.2
2.727272727,"","1 2024","ENVT5564",3,"N",70,3,5,67.5
65.21818182,"","1 2024","ENVT5564",65,"CR",70,65,70,68
67.83636364,"","1 2024","ENVT5564",68,"CR",70,68,70,56
72.6,"","1 2024","ENVT5564",73,"D",70,73,75,57.875
85.90909091,"","1 2024","ENVT5564",86,"HD",70,86,90,NA
75.38181818,"","1 2024","ENVT5564",75,"D",70,75,80,77.25
80,"","1 2024","ENVT5565",80,"HD",75,80,85,77.25
75.67272727,"","1 2024","ENVT5565",76,"D",75,76,80,75.25
74.03636364,"","1 2024","ENVT5565",74,"D",75,74,75,NA
67.18181818,"","1 2024","ENVT5565",67,"CR",75,67,70,59.625
72.41458,"","1 2024","ENVT5575",72,"D",77,72,75,70.8
77.44622,"","1 2024","ENVT5575",77,"D",77,77,80,67.6
76.01382,"","1 2024","ENVT5575",76,"D",77,76,80,NA
84.17791,"","1 2024","ENVT5575",84,"HD",77,84,85,68.5
79.08397,"","1 2024","ENVT5575",79,"D",77,79,80,71.625
79.09841,"","1 2024","ENVT5575",79,"D",77,79,80,NA
77.87601,"","1 2024","ENVT5575",78,"D",77,78,80,78
69.85021,"","1 2024","ENVT5575",70,"D",77,70,75,66.25
74.38588,"","1 2024","ENVT5575",74,"D",77,74,75,70.25
69.21698,"","1 2024","ENVT5575",69,"CR",77,69,70,67.545
84.70513,"","1 2024","ENVT5575",85,"HD",77,85,90,80.25
76.7113,"","1 2024","ENVT5575",77,"D",77,77,80,73.75
72.15844,"","1 2024","ENVT5575",72,"D",77,72,75,67.125
85.8492,"","1 2024","ENVT5575",86,"HD",77,86,90,81.6
83.10892,"","1 2024","ENVT5575",83,"HD",77,83,85,82.5
82.87061,"","1 2024","ENVT5575",83,"HD",77,83,85,61
0,"","1 2024","ENVT5575",0,"N",77,NA,5,55.417
71.4658,"","1 2024","ENVT5575",71,"D",77,71,75,62
75.74301,"","1 2024","ENVT5575",76,"D",77,76,80,59.6
85,"","1 2024","ENVT5600",85,"HD",70.5,85,90,68.5
70,"","1 2024","ENVT5600",70,"D",70.5,70,75,70.875
81,"","1 2024","ENVT5600",81,"HD",70.5,81,85,64.25
78,"","1 2024","ENVT5600",78,"D",70.5,78,80,68.75
83.5,"","1 2024","ENVT5600",84,"HD",70.5,84,85,67.25
84,"","1 2024","ENVT5600",84,"HD",70.5,84,85,73.625
86,"","1 2024","ENVT5600",86,"HD",70.5,86,90,70.625
66,"","1 2024","ENVT5600",66,"CR",70.5,66,70,62.917
57,"","1 2024","ENVT5600",57,"P",70.5,57,60,66.25
65,"","1 2024","ENVT5600",65,"CR",70.5,65,70,69.167
65,"","1 2024","ENVT5600",65,"CR",70.5,65,70,68.917
71,"","1 2024","ENVT5600",71,"D",70.5,71,75,67
63,"","1 2024","ENVT5600",63,"CR",70.5,63,65,67.375
95,"","1 2024","ENVT5600",95,"HD",70.5,95,100,62.75
68,"","1 2024","ENVT5600",68,"CR",70.5,68,70,67.417
75,"","1 2024","ENVT5600",75,"D",70.5,75,80,69.75
67,"","1 2024","ENVT5600",67,"CR",70.5,67,70,65.75
85,"","1 2024","ENVT5600",85,"HD",70.5,85,90,66.875
70,"","1 2024","ENVT5600",70,"D",70.5,70,75,69.917
66.5,"","1 2024","ENVT5600",67,"CR",70.5,67,70,65
68,"","1 2024","SCIE4040",68,"CR",75.5,68,70,NA
NA,"UP","1 2024","SCIE4040",NA,NA,75.5,NA,NA,NA
83,"","1 2024","SCIE4040",83,"HD",75.5,83,85,NA
72.87083333,"","1 2024","SCIE4401",73,"D",74,73,75,NA
74.77440429,"","1 2024","SCIE4401",75,"D",74,75,80,NA
87.46249,"","1 2024","SCIE4401",87,"HD",74,87,90,85.5
77.83333333,"","1 2024","SCIE4401",78,"D",74,78,80,NA
23.43331786,"","1 2024","SCIE4401",23,"N",74,23,25,NA
58.94345238,"","1 2024","SCIE4401",59,"P",74,59,60,NA
66.69956583,"","1 2024","SCIE4401",67,"CR",74,67,70,NA
81.19165917,"","1 2024","SCIE4401",81,"HD",74,81,85,NA
72.83928071,"","1 2024","SCIE4401",73,"D",74,73,75,NA
26.46033964,"","1 2024","SCIE4401",26,"N",74,26,30,NA
67.46606095,"","1 2024","SCIE4401",67,"CR",74,67,70,NA
70.90415658,"","1 2024","SCIE4401",71,"D",74,71,75,NA
82.02260655,"","1 2024","SCIE4401",82,"HD",74,82,85,NA
53.23808024,"","1 2024","SCIE4401",53,"P",74,53,55,NA
89.87081833,"","1 2024","SCIE4401",90,"HD",74,90,95,NA
50.07916167,"","1 2024","SCIE4401",50,"P",74,50,55,NA
79.34212786,"","1 2024","SCIE4401",79,"D",74,79,80,NA
55.84164667,"","1 2024","SCIE4401",56,"P",74,56,60,NA
78.04998,"","1 2024","SCIE4401",78,"D",74,78,80,NA
75.69791321,"","1 2024","SCIE4401",76,"D",74,76,80,NA
88.57499,"","1 2024","SCIE4401",89,"HD",74,89,90,77
81.72915917,"","1 2024","SCIE4401",82,"HD",74,82,85,NA
78.44320083,"","1 2024","SCIE4401",78,"D",74,78,80,NA
84.80415667,"","1 2024","SCIE4401",85,"HD",74,85,90,NA
59.062485,"","1 2024","SCIE4401",59,"P",74,59,60,NA
79.30504702,"","1 2024","SCIE4401",79,"D",74,79,80,NA
0,"","1 2024","SCIE4401",0,"N",74,NA,5,NA
73.06665667,"","1 2024","SCIE4401",73,"D",74,73,75,NA
57.87320881,"","1 2024","SCIE4401",58,"P",74,58,60,NA
40.224985,"","1 2024","SCIE4401",40,"N",74,40,45,NA
84.14403762,"","1 2024","SCIE4401",84,"HD",74,84,85,NA
24.77708333,"","1 2024","SCIE4401",25,"N",74,25,30,NA
87.48332833,"","1 2024","SCIE4401",87,"HD",74,87,90,NA
72.73748405,"","1 2024","SCIE4401",73,"D",74,73,75,NA
90.47916167,"","1 2024","SCIE4401",90,"HD",74,90,95,NA
77.61666167,"","1 2024","SCIE4401",78,"D",74,78,80,NA
38.96116789,"","1 2024","SCIE4401",39,"N",74,39,40,NA
74.474985,"","1 2024","SCIE4401",74,"D",74,74,75,62.833
81.23867548,"","1 2024","SCIE4401",81,"HD",74,81,85,NA
72.88837786,"","1 2024","SCIE4401",73,"D",74,73,75,NA
82.72171861,"","1 2024","SCIE4401",83,"HD",74,83,85,NA
84.72539658,"","1 2024","SCIE4401",85,"HD",74,85,90,NA
76.962475,"","1 2024","SCIE4401",77,"D",74,77,80,NA
25.45343893,"","1 2024","SCIE4401",25,"N",74,25,30,NA
83.06535714,"","1 2024","SCIE4401",83,"HD",74,83,85,NA
49.88820679,"","1 2024","SCIE4401",50,"P",74,50,55,NA
62.0499925,"","1 2024","SCIE4401",62,"CR",74,62,65,NA
90.6875,"","1 2024","SCIE4401",91,"HD",74,91,95,NA
11.27023714,"","1 2024","SCIE4401",11,"N",74,11,15,NA
77.18331333,"","1 2024","SCIE4401",77,"D",74,77,80,NA
86.96666667,"","1 2024","SCIE4401",87,"HD",74,87,90,NA
71.99285119,"","1 2024","SCIE4401",72,"D",74,72,75,NA
72.50784619,"","1 2024","SCIE4401",73,"D",74,73,75,NA
78.24581833,"","1 2024","SCIE4401",78,"D",74,78,80,NA
33.53956234,"","1 2024","SCIE4401",34,"N",74,34,35,NA
14.67499,"","1 2024","SCIE4401",15,"N",74,15,20,NA
71.1249875,"","1 2024","SCIE4401",71,"D",74,71,75,NA
79.20415917,"","1 2024","SCIE4401",79,"D",74,79,80,NA
59.8196369,"","1 2024","SCIE4401",60,"CR",74,60,65,NA
87.60416167,"","1 2024","SCIE4401",88,"HD",74,88,90,NA
56.07296571,"","1 2024","SCIE4401",56,"P",74,56,60,NA
93.518745,"","1 2024","SCIE4401",94,"HD",74,94,95,83
82.77290167,"","1 2024","SCIE4401",83,"HD",74,83,85,NA
31.26937976,"","1 2024","SCIE4401",31,"N",74,31,35,NA
50.47499,"","1 2024","SCIE4401",50,"P",74,50,55,NA
61.00160163,"","1 2024","SCIE4401",61,"CR",74,61,65,NA
86.71666667,"","1 2024","SCIE4401",87,"HD",74,87,90,84
83.79582583,"","1 2024","SCIE4401",84,"HD",74,84,85,NA
72.9235119,"","1 2024","SCIE4401",73,"D",74,73,75,NA
66.21963536,"","1 2024","SCIE4401",66,"CR",74,66,70,NA
55.31665667,"","1 2024","SCIE4401",55,"P",74,55,60,NA
60.34891845,"","1 2024","SCIE4401",60,"CR",74,60,65,NA
51.08928071,"","1 2024","SCIE4401",51,"P",74,51,55,NA
63.05950631,"","1 2024","SCIE4401",63,"CR",74,63,65,NA
88.69583333,"","1 2024","SCIE4401",89,"HD",74,89,90,88.5
90.64582333,"","1 2024","SCIE4401",91,"HD",74,91,95,NA
45.01606143,"","1 2024","SCIE4401",45,"N+",74,45,50,51.917
88.70833333,"","1 2024","SCIE4401",89,"HD",74,89,90,NA
89.862495,"","1 2024","SCIE4401",90,"HD",74,90,95,NA
79.49166167,"","1 2024","SCIE4401",79,"D",74,79,80,NA
87.15238095,"","1 2024","SCIE4401",87,"HD",74,87,90,79
72.64403262,"","1 2024","SCIE4401",73,"D",74,73,75,NA
92.17082583,"","1 2024","SCIE4401",92,"HD",74,92,95,NA
23.21874,"","1 2024","SCIE4401",23,"N",74,23,25,NA
80.57915667,"","1 2024","SCIE4401",81,"HD",74,81,85,NA
55.85830833,"","1 2024","SCIE4401",56,"P",74,56,60,NA
89.45833083,"","1 2024","SCIE4401",89,"HD",74,89,90,NA
5.0499975,"","1 2024","SCIE4401",5,"N",74,5,10,NA
90.562495,"","1 2024","SCIE4401",91,"HD",74,91,95,NA
82.49345238,"","1 2024","SCIE4401",82,"HD",74,82,85,NA
79.86534714,"","1 2024","SCIE4401",80,"HD",74,80,85,NA
81.987495,"","1 2024","SCIE4401",82,"HD",74,82,85,NA
75.89154762,"","1 2024","SCIE4401",76,"D",74,76,80,NA
81.937485,"","1 2024","SCIE4401",82,"HD",74,82,85,NA
87.27915417,"","1 2024","SCIE4401",87,"HD",74,87,90,NA
82.01666167,"","1 2024","SCIE4401",82,"HD",74,82,85,NA
47.6172469,"","1 2024","SCIE4401",48,"N+",74,48,50,NA
81.73153917,"","1 2024","SCIE4401",82,"HD",74,82,85,NA
68.10176321,"","1 2024","SCIE4401",68,"CR",74,68,70,NA
44.3351031,"","1 2024","SCIE4401",44,"N",74,44,45,NA
71.10392012,"","1 2024","SCIE4401",71,"D",74,71,75,NA
59.34999,"","1 2024","SCIE4401",59,"P",74,59,60,NA
86.97856143,"","1 2024","SCIE4401",87,"HD",74,87,90,NA
70.32058429,"","1 2024","SCIE4401",70,"D",74,70,75,NA
69.91249,"","1 2024","SCIE4401",70,"D",74,70,75,NA
76.84462786,"","1 2024","SCIE4401",77,"D",74,77,80,NA
79.86962786,"","1 2024","SCIE4401",80,"HD",74,80,85,NA
66.22711777,"","1 2024","SCIE4401",66,"CR",74,66,70,NA
58.01129452,"","1 2024","SCIE4401",58,"P",74,58,60,NA
88.98421869,"","1 2024","SCIE4401",89,"HD",74,89,90,NA
81.64642107,"","1 2024","SCIE4401",82,"HD",74,82,85,NA
47.71307524,"","1 2024","SCIE4401",48,"N+",74,48,50,NA
88.49106143,"","1 2024","SCIE4401",88,"HD",74,88,90,NA
78.58332333,"","1 2024","SCIE4401",79,"D",74,79,80,NA
80.88956833,"","1 2024","SCIE4401",81,"HD",74,81,85,NA
41.36665667,"","1 2024","SCIE4401",41,"N",74,41,45,NA
87.76070929,"","1 2024","SCIE4401",88,"HD",74,88,90,NA
58.337495,"","1 2024","SCIE4401",58,"P",74,58,60,NA
78.22081833,"","1 2024","SCIE4401",78,"D",74,78,80,NA
86.96368798,"","1 2024","SCIE4401",87,"HD",74,87,90,NA
78.33986996,"","1 2024","SCIE4401",78,"D",74,78,80,NA
65.30831583,"","1 2024","SCIE4401",65,"CR",74,65,70,NA
63.22707083,"","1 2024","SCIE4401",63,"CR",74,63,65,NA
79.34047619,"","1 2024","SCIE4401",79,"D",74,79,80,NA
32.84915821,"","1 2024","SCIE4401",33,"N",74,33,35,NA
65.11903417,"","1 2024","SCIE4401",65,"CR",74,65,70,NA
81.01279262,"","1 2024","SCIE4401",81,"HD",74,81,85,NA
26.27385607,"","1 2024","SCIE4401",26,"N",74,26,30,NA
71.52885405,"","1 2024","SCIE4401",72,"D",74,72,75,NA
66.97528167,"","1 2024","SCIE4401",67,"CR",74,67,70,NA
85.79582333,"","1 2024","SCIE4401",86,"HD",74,86,90,NA
76.25718686,"","1 2024","SCIE4401",76,"D",74,76,80,NA
71.86343143,"","1 2024","SCIE4401",72,"D",74,72,75,NA
83.24583333,"","1 2024","SCIE4401",83,"HD",74,83,85,NA
76.98183929,"","1 2024","SCIE4401",77,"D",74,77,80,NA
64.24076333,"","1 2024","SCIE4401",64,"CR",74,64,65,NA
80.95414667,"","1 2024","SCIE4401",81,"HD",74,81,85,NA
74.012485,"","1 2024","SCIE4401",74,"D",74,74,75,NA
18.59195127,"","1 2024","SCIE4401",19,"N",74,19,20,NA
80.237495,"","1 2024","SCIE4401",80,"HD",74,80,85,NA
60.96670619,"","1 2024","SCIE4401",61,"CR",74,61,65,NA
72.46368298,"","1 2024","SCIE4401",72,"D",74,72,75,NA
55.75297119,"","1 2024","SCIE4401",56,"P",74,56,60,NA
49.5672419,"","1 2024","SCIE4401",50,"P",74,50,55,NA
83.06547619,"","1 2024","SCIE4401",83,"HD",74,83,85,NA
67.45093889,"","1 2024","SCIE4401",67,"CR",74,67,70,NA
75.95505452,"","1 2024","SCIE4401",76,"D",74,76,80,NA
83.70414417,"","1 2024","SCIE4401",84,"HD",74,84,85,NA
87.05415667,"","1 2024","SCIE4401",87,"HD",74,87,90,NA
50.78331333,"","1 2024","SCIE4401",51,"P",74,51,55,NA
45.7693352,"","1 2024","SCIE4401",46,"N+",74,46,50,NA
0,"","1 2024","SCIE4401",0,"N",74,NA,5,NA
81.03260405,"","1 2024","SCIE4401",81,"HD",74,81,85,NA
90.82082333,"","1 2024","SCIE4401",91,"HD",74,91,95,NA
77.762485,"","1 2024","SCIE4401",78,"D",74,78,80,NA
20.18749,"","1 2024","SCIE4401",20,"N",74,20,25,NA
55.70390853,"","1 2024","SCIE4401",56,"P",74,56,60,NA
64.66308476,"","1 2024","SCIE4401",65,"CR",74,65,70,NA
71.79581833,"","1 2024","SCIE4401",72,"D",74,72,75,NA
51.87640857,"","1 2024","SCIE4401",52,"P",74,52,55,NA
57.16665667,"","1 2024","SCIE4401",57,"P",74,57,60,70.5
61.26456833,"","1 2024","SCIE4401",61,"CR",74,61,65,NA
87.55833083,"","1 2024","SCIE4401",88,"HD",74,88,90,NA
65.15415417,"","1 2024","SCIE4401",65,"CR",74,65,70,NA
74.66189226,"","1 2024","SCIE4401",75,"D",74,75,80,NA
50.73594734,"","1 2024","SCIE4401",51,"P",74,51,55,NA
80.60594238,"","1 2024","SCIE4401",81,"HD",74,81,85,NA
61.4371848,"","1 2024","SCIE4401",61,"CR",74,61,65,NA
72.462485,"","1 2024","SCIE4401",72,"D",74,72,75,NA
79.12142107,"","1 2024","SCIE4401",79,"D",74,79,80,NA
53.61879452,"","1 2024","SCIE4401",54,"P",74,54,55,NA
74.77200786,"","1 2024","SCIE4401",75,"D",74,75,80,NA
89.007485,"","1 2024","SCIE4401",89,"HD",74,89,90,NA
81.01665417,"","1 2024","SCIE4401",81,"HD",74,81,85,NA
83.54046119,"","1 2024","SCIE4401",84,"HD",74,84,85,NA
79.68892357,"","1 2024","SCIE4401",80,"HD",74,80,85,NA
19.68333333,"","1 2024","SCIE4401",20,"N",74,20,25,17.5
48.46962678,"","1 2024","SCIE4401",48,"N+",74,48,50,NA
69.14284119,"","1 2024","SCIE4401",69,"CR",74,69,70,NA
80.54165917,"","1 2024","SCIE4401",81,"HD",74,81,85,NA
80.70831833,"","1 2024","SCIE4401",81,"HD",74,81,85,NA
53.54761155,"","1 2024","SCIE4401",54,"P",74,54,55,NA
79.5499975,"","1 2024","SCIE4401",80,"HD",74,80,85,NA
68.84261392,"","1 2024","SCIE4401",69,"CR",74,69,70,NA
83.94164167,"","1 2024","SCIE4401",84,"HD",74,84,85,NA
64,"","1 2024","SCIE4402",64,"CR",70,64,65,74.5
55,"","1 2024","SCIE4402",55,"P",70,55,60,55.5
77,"","1 2024","SCIE4402",77,"D",70,77,80,72
56,"","1 2024","SCIE4402",56,"P",70,56,60,NA
67,"","1 2024","SCIE4402",67,"CR",70,67,70,58
14,"","1 2024","SCIE4402",14,"N",70,14,15,34.857
91,"","1 2024","SCIE4402",91,"HD",70,91,95,NA
62,"","1 2024","SCIE4402",62,"CR",70,62,65,45.5
65,"","1 2024","SCIE4402",65,"CR",70,65,70,66.75
50,"","1 2024","SCIE4402",50,"P",70,50,55,52.667
66,"","1 2024","SCIE4402",66,"CR",70,66,70,57.5
63,"","1 2024","SCIE4402",63,"CR",70,63,65,NA
55,"","1 2024","SCIE4402",55,"P",70,55,60,NA
70,"","1 2024","SCIE4402",70,"D",70,70,75,60.5
81,"","1 2024","SCIE4402",81,"HD",70,81,85,NA
93,"","1 2024","SCIE4402",93,"HD",70,93,95,NA
87,"","1 2024","SCIE4402",87,"HD",70,87,90,NA
67,"","1 2024","SCIE4402",67,"CR",70,67,70,NA
83,"","1 2024","SCIE4402",83,"HD",70,83,85,72
18,"","1 2024","SCIE4402",18,"N",70,18,20,NA
63,"","1 2024","SCIE4402",63,"CR",70,63,65,NA
70,"","1 2024","SCIE4402",70,"D",70,70,75,68.5
57,"","1 2024","SCIE4402",57,"P",70,57,60,66
68,"","1 2024","SCIE4402",68,"CR",70,68,70,62.5
63,"","1 2024","SCIE4402",63,"CR",70,63,65,67.267
62,"","1 2024","SCIE4402",62,"CR",70,62,65,NA
70,"","1 2024","SCIE4402",70,"D",70,70,75,NA
92,"","1 2024","SCIE4402",92,"HD",70,92,95,NA
71,"","1 2024","SCIE4402",71,"D",70,71,75,70.333
64,"","1 2024","SCIE4402",64,"CR",70,64,65,58.714
64,"","1 2024","SCIE4402",64,"CR",70,64,65,69.286
84,"","1 2024","SCIE4402",84,"HD",70,84,85,81
55,"","1 2024","SCIE4402",55,"P",70,55,60,NA
74,"","1 2024","SCIE4402",74,"D",70,74,75,77.75
83,"","1 2024","SCIE4402",83,"HD",70,83,85,73.75
67,"","1 2024","SCIE4402",67,"CR",70,67,70,50
66,"","1 2024","SCIE4402",66,"CR",70,66,70,59.25
35,"","1 2024","SCIE4402",35,"N",70,35,40,43.636
61,"","1 2024","SCIE4402",61,"CR",70,61,65,60
67,"","1 2024","SCIE4402",67,"CR",70,67,70,60.75
65,"","1 2024","SCIE4402",65,"CR",70,65,70,74.5
69,"","1 2024","SCIE4402",69,"CR",70,69,70,NA
51,"","1 2024","SCIE4402",51,"P",70,51,55,50.75
87,"","1 2024","SCIE4402",87,"HD",70,87,90,NA
68,"","1 2024","SCIE4402",68,"CR",70,68,70,74
70,"","1 2024","SCIE4402",70,"D",70,70,75,70.5
74,"","1 2024","SCIE4402",74,"D",70,74,75,59.25
71,"","1 2024","SCIE4402",71,"D",70,71,75,74.5
75,"","1 2024","SCIE4402",75,"D",70,75,80,79.857
72,"","1 2024","SCIE4402",72,"D",70,72,75,78.25
71,"","1 2024","SCIE4402",71,"D",70,71,75,68
NA,NA,"1 2024","SCIE4402",NA,NA,70,NA,NA,NA
86,"","1 2024","SCIE4402",86,"HD",70,86,90,86.667
70,"","1 2024","SCIE4402",70,"D",70,70,75,68
73,"","1 2024","SCIE4402",73,"D",70,73,75,69.75
75,"","1 2024","SCIE4402",75,"D",70,75,80,65
75,"","1 2024","SCIE4402",75,"D",70,75,80,NA
78,"","1 2024","SCIE4402",78,"D",70,78,80,NA
77,"","1 2024","SCIE4402",77,"D",70,77,80,79.25
67,"","1 2024","SCIE4402",67,"CR",70,67,70,76.5
65,"","1 2024","SCIE4402",65,"CR",70,65,70,62.5
80,"","1 2024","SCIE4402",80,"HD",70,80,85,74.75
60,"","1 2024","SCIE4402",60,"CR",70,60,65,66.25
72,"","1 2024","SCIE4402",72,"D",70,72,75,NA
78,"","1 2024","SCIE4402",78,"D",70,78,80,NA
73,"","1 2024","SCIE4402",73,"D",70,73,75,NA
58,"","1 2024","SCIE4402",58,"P",70,58,60,71.25
86,"","1 2024","SCIE4402",86,"HD",70,86,90,NA
68,"","1 2024","SCIE4402",68,"CR",70,68,70,75.75
84,"","1 2024","SCIE4402",84,"HD",70,84,85,80.5
66,"","1 2024","SCIE4402",66,"CR",70,66,70,72
77,"","1 2024","SCIE4402",77,"D",70,77,80,75.25
54,"","1 2024","SCIE4402",54,"P",70,54,55,NA
51,"","1 2024","SCIE4402",51,"P",70,51,55,65
58,"","1 2024","SCIE4402",58,"P",70,58,60,59.143
61,"","1 2024","SCIE4402",61,"CR",70,61,65,NA
63,"","1 2024","SCIE4402",63,"CR",70,63,65,70.75
65,"","1 2024","SCIE4402",65,"CR",70,65,70,70.75
70,"","1 2024","SCIE4402",70,"D",70,70,75,67
70,"","1 2024","SCIE4402",70,"D",70,70,75,NA
73,"","1 2024","SCIE4402",73,"D",70,73,75,60
62,"","1 2024","SCIE4402",62,"CR",70,62,65,51.75
87,"","1 2024","SCIE4402",87,"HD",70,87,90,NA
74,"","1 2024","SCIE4402",74,"D",70,74,75,75
72,"","1 2024","SCIE4402",72,"D",70,72,75,70.5
65,"","1 2024","SCIE4402",65,"CR",70,65,70,77
91,"","1 2024","SCIE4402",91,"HD",70,91,95,84.167
80,"","1 2024","SCIE4402",80,"HD",70,80,85,72.05
76,"","1 2024","SCIE4402",76,"D",70,76,80,NA
71,"","1 2024","SCIE4402",71,"D",70,71,75,62.25
71,"","1 2024","SCIE4402",71,"D",70,71,75,74
80,"","1 2024","SCIE4402",80,"HD",70,80,85,NA
72,"","1 2024","SCIE4402",72,"D",70,72,75,52
70,"","1 2024","SCIE4402",70,"D",70,70,75,62
94,"","1 2024","SCIE4402",94,"HD",70,94,95,NA
70,"","1 2024","SCIE4402",70,"D",70,70,75,69
28,"","1 2024","SCIE4402",28,"N",70,28,30,58.375
60,"","1 2024","SCIE4402",60,"CR",70,60,65,NA
70,"","1 2024","SCIE4402",70,"D",70,70,75,69
71,"","1 2024","SCIE4402",71,"D",70,71,75,63
77,"","1 2024","SCIE4402",77,"D",70,77,80,NA
64,"","1 2024","SCIE4402",64,"CR",70,64,65,59.6
68,"","1 2024","SCIE4402",68,"CR",70,68,70,69
70.7834,"","1 2024","SCIE4403",71,"D",70,71,75,NA
76.287632,"","1 2024","SCIE4403",76,"D",70,76,80,NA
65.816832,"","1 2024","SCIE4403",66,"CR",70,66,70,NA
66.708366,"","1 2024","SCIE4403",67,"CR",70,67,70,NA
73.753364,"","1 2024","SCIE4403",74,"D",70,74,75,NA
73.524298,"","1 2024","SCIE4403",74,"D",70,74,75,NA
66.654198,"","1 2024","SCIE4403",67,"CR",70,67,70,NA
68.541731,"","1 2024","SCIE4403",69,"CR",70,69,70,NA
63.116832,"","1 2024","SCIE4403",63,"CR",70,63,65,NA
70.191732,"","1 2024","SCIE4403",70,"D",70,70,75,NA
67.025064,"","1 2024","SCIE4403",67,"CR",70,67,70,NA
83.1001,"","1 2024","SCIE4403",83,"HD",70,83,85,NA
31.0501,"","1 2024","SCIE4403",31,"N",70,31,35,NA
70.616766,"","1 2024","SCIE4403",71,"D",70,71,75,NA
74.350099,"","1 2024","SCIE4403",74,"D",70,74,75,NA
80.765932,"","1 2024","SCIE4403",81,"HD",70,81,85,NA
69.7667,"","1 2024","SCIE4403",70,"D",70,70,75,NA
61.18683,"","1 2024","SCIE4403",61,"CR",70,61,65,NA
78.690932,"","1 2024","SCIE4403",79,"D",70,79,80,NA
68.278364,"","1 2024","SCIE4403",68,"CR",70,68,70,NA
72.883332,"","1 2024","SCIE4403",73,"D",70,73,75,NA
71.120264,"","1 2024","SCIE4403",71,"D",70,71,75,NA
77.5334,"","1 2024","SCIE4403",78,"D",70,78,80,NA
76.140066,"","1 2024","SCIE4403",76,"D",70,76,80,NA
69.3001,"","1 2024","SCIE4403",69,"CR",70,69,70,NA
78.236698,"","1 2024","SCIE4403",78,"D",70,78,80,74.75
0,"","1 2024","SCIE4403",0,"N",70,NA,5,NA
57.55,"","1 2024","SCIE4403",58,"P",70,58,60,NA
63.779333,"","1 2024","SCIE4403",64,"CR",70,64,65,NA
50.8417,"","1 2024","SCIE4403",51,"P",70,51,55,NA
74.0875,"","1 2024","SCIE4403",74,"D",70,74,75,NA
15.733399,"","1 2024","SCIE4403",16,"N",70,16,20,NA
67.8168,"","1 2024","SCIE4403",68,"CR",70,68,70,78
NA,"","1 2024","SCIE4403",NA,NA,70,NA,NA,NA
78.725066,"","1 2024","SCIE4403",79,"D",70,79,80,NA
59.891766,"","1 2024","SCIE4403",60,"CR",70,60,65,NA
24.153498,"","1 2024","SCIE4403",24,"N",70,24,25,NA
68.2459,"","1 2024","SCIE4403",68,"CR",70,68,70,NA
73.8669,"","1 2024","SCIE4403",74,"D",70,74,75,NA
84.000064,"","1 2024","SCIE4403",84,"HD",70,84,85,NA
NA,"AC","1 2024","SCIE4403",NA,NA,70,NA,NA,NA
81.683364,"","1 2024","SCIE4403",82,"HD",70,82,85,NA
74.065864,"","1 2024","SCIE4403",74,"D",70,74,75,73.625
64.233332,"","1 2024","SCIE4403",64,"CR",70,64,65,NA
60.491732,"","1 2024","SCIE4403",60,"CR",70,60,65,66.5
70.183397,"","1 2024","SCIE4403",70,"D",70,70,75,NA
60.553432,"","1 2024","SCIE4403",61,"CR",70,61,65,NA
79.461832,"","1 2024","SCIE4403",79,"D",70,79,80,NA
2,"","1 2024","SCIE4403",2,"N",70,2,5,NA
0,"","1 2024","SCIE4403",0,"N",70,NA,5,40.75
67.440864,"","1 2024","SCIE4403",67,"CR",70,67,70,NA
79.787531,"","1 2024","SCIE4403",80,"HD",70,80,85,NA
47.003432,"","1 2024","SCIE4403",47,"N+",70,47,50,NA
76.857562,"","1 2024","SCIE4403",77,"D",70,77,80,NA
78.275032,"","1 2024","SCIE4403",78,"D",70,78,80,71.556
60.800133,"","1 2024","SCIE4403",61,"CR",70,61,65,NA
84.5167,"","1 2024","SCIE4403",85,"HD",70,85,90,NA
67.673366,"","1 2024","SCIE4403",68,"CR",70,68,70,NA
82.5835,"","1 2024","SCIE4403",83,"HD",70,83,85,NA
NA,"WH","1 2024","SCIE4403",NA,NA,70,NA,NA,NA
64.541932,"","1 2024","SCIE4403",65,"CR",70,65,70,NA
78.5501,"","1 2024","SCIE4403",79,"D",70,79,80,NA
63.591866,"","1 2024","SCIE4403",64,"CR",70,64,65,NA
58.991765,"","1 2024","SCIE4403",59,"P",70,59,60,NA
82.644998,"","1 2024","SCIE4403",83,"HD",70,83,85,NA
72.548532,"","1 2024","SCIE4403",73,"D",70,73,75,NA
61.886831,"","1 2024","SCIE4403",62,"CR",70,62,65,NA
71.970932,"","1 2024","SCIE4403",72,"D",70,72,75,NA
81.296,"","1 2024","SCIE4403",81,"HD",70,81,85,NA
64.683366,"","1 2024","SCIE4403",65,"CR",70,65,70,60.25
57.445131,"","1 2024","SCIE4403",57,"P",70,57,60,NA
61.11003,"","1 2024","SCIE4403",61,"CR",70,61,65,NA
77.0793,"","1 2024","SCIE4403",77,"D",70,77,80,NA
71.104199,"","1 2024","SCIE4403",71,"D",70,71,75,NA
73.771,"","1 2024","SCIE4403",74,"D",70,74,75,NA
NA,"AC","1 2024","SCIE4403",NA,NA,70,NA,NA,NA
74.854232,"","1 2024","SCIE4403",75,"D",70,75,80,NA
70.366766,"","1 2024","SCIE4403",70,"D",70,70,75,NA
60.370865,"","1 2024","SCIE4403",60,"CR",70,60,65,NA
63.650166,"","1 2024","SCIE4403",64,"CR",70,64,65,NA
78.195832,"","1 2024","SCIE4403",78,"D",70,78,80,NA
68.470098,"","1 2024","SCIE4403",68,"CR",70,68,70,NA
10.850066,"","1 2024","SCIE4403",11,"N",70,11,15,NA
63.728398,"","1 2024","SCIE4403",64,"CR",70,64,65,NA
68.145132,"","1 2024","SCIE4403",68,"CR",70,68,70,NA
51.800032,"","1 2024","SCIE4403",52,"P",70,52,55,NA
77.3501,"","1 2024","SCIE4403",77,"D",70,77,80,NA
82.883565,"","1 2024","SCIE4403",83,"HD",70,83,85,NA
74.673366,"","1 2024","SCIE4403",75,"D",70,75,80,NA
69.5167,"","1 2024","SCIE4403",70,"D",70,70,75,NA
74.4668,"","1 2024","SCIE4403",74,"D",70,74,75,NA
75.315864,"","1 2024","SCIE4403",75,"D",70,75,80,NA
65.844332,"","1 2024","SCIE4403",66,"CR",70,66,70,NA
70.916832,"","1 2024","SCIE4403",71,"D",70,71,75,61.75
73.695865,"","1 2024","SCIE4403",74,"D",70,74,75,NA
73.011696,"","1 2024","SCIE4403",73,"D",70,73,75,60.5
77.199999,"","1 2024","SCIE4403",77,"D",70,77,80,NA
68.633399,"","1 2024","SCIE4403",69,"CR",70,69,70,NA
78.3126,"","1 2024","SCIE4403",78,"D",70,78,80,NA
69.940898,"","1 2024","SCIE4403",70,"D",70,70,75,NA
17.716665,"","1 2024","SCIE4403",18,"N",70,18,20,NA
65.981798,"","1 2024","SCIE4403",66,"CR",70,66,70,NA
0,"","1 2024","SCIE4403",0,"N",70,NA,5,61
71.578532,"","1 2024","SCIE4403",72,"D",70,72,75,NA
64.066698,"","1 2024","SCIE4403",64,"CR",70,64,65,NA
66.929232,"","1 2024","SCIE4403",67,"CR",70,67,70,NA
NA,"WH","1 2024","SCIE4403",NA,NA,70,NA,NA,NA
79.1292,"","1 2024","SCIE4403",79,"D",70,79,80,NA
72.095032,"","1 2024","SCIE4403",72,"D",70,72,75,NA
79.3709,"","1 2024","SCIE4403",79,"D",70,79,80,NA
81.9001,"","1 2024","SCIE4403",82,"HD",70,82,85,NA
68.112598,"","1 2024","SCIE4403",68,"CR",70,68,70,NA
71.433466,"","1 2024","SCIE4403",71,"D",70,71,75,NA
70.716666,"","1 2024","SCIE4403",71,"D",70,71,75,NA
72.350033,"","1 2024","SCIE4403",72,"D",70,72,75,NA
64.9751,"","1 2024","SCIE4403",65,"CR",70,65,70,NA
82.0376,"","1 2024","SCIE4403",82,"HD",70,82,85,NA
73.921,"","1 2024","SCIE4403",74,"D",70,74,75,NA
61.05,"","1 2024","SCIE4403",61,"CR",70,61,65,NA
19.4167,"","1 2024","SCIE4403",19,"N",70,19,20,NA
60.100164,"","1 2024","SCIE4403",60,"CR",70,60,65,35.75
74.870164,"","1 2024","SCIE4403",75,"D",70,75,80,NA
74.9917,"","1 2024","SCIE4403",75,"D",70,75,80,NA
63.761831,"","1 2024","SCIE4403",64,"CR",70,64,65,NA
68.012666,"","1 2024","SCIE4403",68,"CR",70,68,70,59
70.483465,"","1 2024","SCIE4403",70,"D",70,70,75,NA
67.4418,"","1 2024","SCIE4403",67,"CR",70,67,70,NA
70.170932,"","1 2024","SCIE4403",70,"D",70,70,75,NA
77.724998,"","1 2024","SCIE4403",78,"D",70,78,80,NA
64.5919,"","1 2024","SCIE4403",65,"CR",70,65,70,NA
70.703364,"","1 2024","SCIE4403",71,"D",70,71,75,NA
57.108366,"","1 2024","SCIE4403",57,"P",70,57,60,NA
66.670032,"","1 2024","SCIE4403",67,"CR",70,67,70,NA
74.175065,"","1 2024","SCIE4403",74,"D",70,74,75,NA
52.575098,"","1 2024","SCIE4403",53,"P",70,53,55,NA
67.708399,"","1 2024","SCIE4403",68,"CR",70,68,70,NA
83.0834,"","1 2024","SCIE4403",83,"HD",70,83,85,NA
78.645832,"","1 2024","SCIE4403",79,"D",70,79,80,NA
70.187566,"","1 2024","SCIE4403",70,"D",70,70,75,NA
87.216732,"","1 2024","SCIE4403",87,"HD",70,87,90,NA
66.365832,"","1 2024","SCIE4403",66,"CR",70,66,70,NA
58.7917,"","1 2024","SCIE4403",59,"P",70,59,60,NA
70.750031,"","1 2024","SCIE4403",71,"D",70,71,75,NA
65.625066,"","1 2024","SCIE4403",66,"CR",70,66,70,NA
67.970832,"","1 2024","SCIE4403",68,"CR",70,68,70,NA
71.415894,"","1 2024","SCIE4403",71,"D",70,71,75,NA
74.244998,"","1 2024","SCIE4403",74,"D",70,74,75,NA
74.908366,"","1 2024","SCIE4403",75,"D",70,75,80,NA
76.400132,"","1 2024","SCIE4403",76,"D",70,76,80,NA
67.250099,"","1 2024","SCIE4403",67,"CR",70,67,70,NA
67.0251,"","1 2024","SCIE4403",67,"CR",70,67,70,NA
20.473532,"","1 2024","SCIE4403",20,"N",70,20,25,NA
62.045064,"","1 2024","SCIE4403",62,"CR",70,62,65,NA
56.90343,"","1 2024","SCIE4403",57,"P",70,57,60,NA
70.286698,"","1 2024","SCIE4403",70,"D",70,70,75,NA
63.6751,"","1 2024","SCIE4403",64,"CR",70,64,65,NA
67.915965,"","1 2024","SCIE4403",68,"CR",70,68,70,NA
70.275132,"","1 2024","SCIE4403",70,"D",70,70,75,NA
78.1502,"","1 2024","SCIE4403",78,"D",70,78,80,NA
76.320866,"","1 2024","SCIE4403",76,"D",70,76,80,NA
60.704266,"","1 2024","SCIE4403",61,"CR",70,61,65,NA
59.945164,"","1 2024","SCIE4403",60,"CR",70,60,65,NA
72.850266,"","1 2024","SCIE4403",73,"D",70,73,75,NA
83.675066,"","1 2024","SCIE4403",84,"HD",70,84,85,NA
76.0168,"","1 2024","SCIE4403",76,"D",70,76,80,NA
56.094166,"","1 2024","SCIE4403",56,"P",70,56,60,NA
76.412566,"","1 2024","SCIE4403",76,"D",70,76,80,NA
74.408366,"","1 2024","SCIE4403",74,"D",70,74,75,NA
65.132564,"","1 2024","SCIE4403",65,"CR",70,65,70,NA
75.394198,"","1 2024","SCIE4403",75,"D",70,75,80,NA
73.8542,"","1 2024","SCIE4403",74,"D",70,74,75,NA
72.911864,"","1 2024","SCIE4403",73,"D",70,73,75,NA
82.695932,"","1 2024","SCIE4403",83,"HD",70,83,85,NA
72.3001,"","1 2024","SCIE4403",72,"D",70,72,75,NA
63.370164,"","1 2024","SCIE4403",63,"CR",70,63,65,NA
61.325098,"","1 2024","SCIE4403",61,"CR",70,61,65,NA
77.333366,"","1 2024","SCIE4403",77,"D",70,77,80,NA
77.95,"","1 2024","SCIE4403",78,"D",70,78,80,NA
61.753364,"","1 2024","SCIE4403",62,"CR",70,62,65,NA
69.045064,"","1 2024","SCIE4403",69,"CR",70,69,70,NA
54.354265,"","1 2024","SCIE4403",54,"P",70,54,55,NA
77.945933,"","1 2024","SCIE4403",78,"D",70,78,80,NA
88.2542,"","1 2024","SCIE4403",88,"HD",70,88,90,NA
66.66843,"","1 2024","SCIE4403",67,"CR",70,67,70,NA
67.866866,"","1 2024","SCIE4403",68,"CR",70,68,70,NA
59.845131,"","1 2024","SCIE4403",60,"CR",70,60,65,NA
73.907662,"","1 2024","SCIE4403",74,"D",70,74,75,NA
74.525032,"","1 2024","SCIE4403",75,"D",70,75,80,NA
76.070866,"","1 2024","SCIE4403",76,"D",70,76,80,NA
62.325066,"","1 2024","SCIE4403",62,"CR",70,62,65,55.25
70.32013,"","1 2024","SCIE4403",70,"D",70,70,75,NA
63.683432,"","1 2024","SCIE4403",64,"CR",70,64,65,NA
57.812599,"","1 2024","SCIE4403",58,"P",70,58,60,NA
72.937565,"","1 2024","SCIE4403",73,"D",70,73,75,NA
75.041866,"","1 2024","SCIE4403",75,"D",70,75,80,69
58.708364,"","1 2024","SCIE4403",59,"P",70,59,60,NA
74.690832,"","1 2024","SCIE4403",75,"D",70,75,80,NA
67.978465,"","1 2024","SCIE4403",68,"CR",70,68,70,NA
74.850198,"","1 2024","SCIE4403",75,"D",70,75,80,NA
74.361731,"","1 2024","SCIE4403",74,"D",70,74,75,NA
68.8085,"","1 2024","SCIE4403",69,"CR",70,69,70,NA
69.690862,"","1 2024","SCIE4403",70,"D",70,70,75,NA
62.166798,"","1 2024","SCIE4403",62,"CR",70,62,65,NA
64.937566,"","1 2024","SCIE4403",65,"CR",70,65,70,NA
72.258366,"","1 2024","SCIE4403",72,"D",70,72,75,NA
65.4586,"","1 2024","SCIE4403",65,"CR",70,65,70,NA
NA,"WH","1 2024","SCIE4403",NA,NA,70,NA,NA,NA
75.05,"","1 2024","SCIE5004",75,"D",75,75,80,75.875
85.05,"","1 2024","SCIE5004",85,"HD",75,85,90,78.333
82.9,"","1 2024","SCIE5004",83,"HD",75,83,85,77.5
95.15,"","1 2024","SCIE5004",95,"HD",75,95,100,81.5
70.5,"","1 2024","SCIE5004",71,"D",75,71,75,65.375
78,"","1 2024","SCIE5004",78,"D",75,78,80,56.571
69.75,"","1 2024","SCIE5004",70,"D",75,70,75,72.875
85.65,"","1 2024","SCIE5004",86,"HD",75,86,90,82.625
76.55,"","1 2024","SCIE5004",77,"D",75,77,80,62.182
70.95,"","1 2024","SCIE5004",71,"D",75,71,75,71.875
72.6,"","1 2024","SCIE5004",73,"D",75,73,75,65.625
77.1,"","1 2024","SCIE5004",77,"D",75,77,80,66.143
74.4,"","1 2024","SCIE5004",74,"D",75,74,75,77.083
70.5,"","1 2024","SCIE5004",71,"D",75,71,75,58
76.4,"","1 2024","SCIE5004",76,"D",75,76,80,70.875
72.65,"","1 2024","SCIE5004",73,"D",75,73,75,59.125
84.2,"","1 2024","SCIE5004",84,"HD",75,84,85,82.8
80.9,"","1 2024","SCIE5004",81,"HD",75,81,85,60.25
73.2,"","1 2024","SCIE5004",73,"D",75,73,75,62.25
74.9,"","1 2024","SCIE5004",75,"D",75,75,80,65.25
78.1,"","1 2024","SCIE5004",78,"D",75,78,80,52.667
62.15,"","1 2024","SCIE5004",62,"CR",75,62,65,64.333
79.05,"","1 2024","SCIE5004",79,"D",75,79,80,68.75
77.1,"","1 2024","SCIE5004",77,"D",75,77,80,72.583
78.85,"","1 2024","SCIE5004",79,"D",75,79,80,75.25
76.3,"","1 2024","SCIE5004",76,"D",75,76,80,71.625
82.1,"","1 2024","SCIE5004",82,"HD",75,82,85,75.286
67.4,"","1 2024","SCIE5004",67,"CR",75,67,70,69.833
77.75,"","1 2024","SCIE5004",78,"D",75,78,80,62.286
96.45,"","1 2024","SCIE5004",96,"HD",75,96,100,79.625
84.9,"","1 2024","SCIE5004",85,"HD",75,85,90,75.25
69.3,"","1 2024","SCIE5004",69,"CR",75,69,70,NA
78.45,"","1 2024","SCIE5004",78,"D",75,78,80,67
73.95,"","1 2024","SCIE5004",74,"D",75,74,75,76
86.45,"","1 2024","SCIE5004",86,"HD",75,86,90,62
77.45,"","1 2024","SCIE5004",77,"D",75,77,80,71.143
78.55,"","1 2024","SCIE5004",79,"D",75,79,80,76.875
81.15,"","1 2024","SCIE5004",81,"HD",75,81,85,70.625
73.9,"","1 2024","SCIE5004",74,"D",75,74,75,70.923
78.8,"","1 2024","SCIE5004",79,"D",75,79,80,72.429
76.7,"","1 2024","SCIE5004",77,"D",75,77,80,79
84.25,"","1 2024","SCIE5004",84,"HD",75,84,85,76.286
76.6,"","1 2024","SCIE5004",77,"D",75,77,80,64.375
72.15,"","1 2024","SCIE5004",72,"D",75,72,75,73.75
74.1,"","1 2024","SCIE5004",74,"D",75,74,75,77.125
74.15,"","1 2024","SCIE5004",74,"D",75,74,75,73.25
76.1,"","1 2024","SCIE5004",76,"D",75,76,80,63.625
74.55,"","1 2024","SCIE5004",75,"D",75,75,80,70.25
69,"","1 2024","SCIE5004",69,"CR",75,69,70,66.25
77,"","1 2024","SCIE5004",77,"D",75,77,80,67.25
66.05,"","1 2024","SCIE5004",66,"CR",75,66,70,57.125
71.15,"","1 2024","SCIE5004",71,"D",75,71,75,70.375
70.95,"","1 2024","SCIE5004",71,"D",75,71,75,NA
77.25,"","1 2024","SCIE5004",77,"D",75,77,80,72
74.75,"","1 2024","SCIE5004",75,"D",75,75,80,71.625
73.65,"","1 2024","SCIE5004",74,"D",75,74,75,64
72.75,"","1 2024","SCIE5004",73,"D",75,73,75,66.625
73.2,"","1 2024","SCIE5004",73,"D",75,73,75,74.125
76.8,"","1 2024","SCIE5004",77,"D",75,77,80,72
69,"","1 2024","SCIE5004",69,"CR",75,69,70,52.125
79.2,"","1 2024","SCIE5004",79,"D",75,79,80,67
73.75,"","1 2024","SCIE5004",74,"D",75,74,75,64.875
78.95,"","1 2024","SCIE5004",79,"D",75,79,80,57.875
82.2,"","1 2024","SCIE5004",82,"HD",75,82,85,65
74.65,"","1 2024","SCIE5004",75,"D",75,75,80,67.375
73.85,"","1 2024","SCIE5004",74,"D",75,74,75,66
77.35,"","1 2024","SCIE5004",77,"D",75,77,80,66
59.35,"","1 2024","SCIE5004",59,"P",75,59,60,60.5
74.2,"","1 2024","SCIE5004",74,"D",75,74,75,69.375
77.9,"","1 2024","SCIE5004",78,"D",75,78,80,71.625
76.15,"","1 2024","SCIE5004",76,"D",75,76,80,61.75
66.6,"","1 2024","SCIE5004",67,"CR",75,67,70,67.125
60.2,"","1 2024","SCIE5004",60,"CR",75,60,65,66.25
77.85,"","1 2024","SCIE5004",78,"D",75,78,80,66.857
77.1,"","1 2024","SCIE5004",77,"D",75,77,80,65.75
52.2,"","1 2024","SCIE5004",52,"P",75,52,55,54
68.55,"","1 2024","SCIE5004",69,"CR",75,69,70,65
70.45,"","1 2024","SCIE5004",70,"D",75,70,75,61
79.35,"","1 2024","SCIE5004",79,"D",75,79,80,66.875
72.4,"","1 2024","SCIE5004",72,"D",75,72,75,75.3
79.4,"","1 2024","SCIE5004",79,"D",75,79,80,62.571
71.85,"","1 2024","SCIE5004",72,"D",75,72,75,70
73.1,"","1 2024","SCIE5004",73,"D",75,73,75,67.625
74.9,"","1 2024","SCIE5004",75,"D",75,75,80,78.75
69.65,"","1 2024","SCIE5004",70,"D",75,70,75,58.625
76.35,"","1 2024","SCIE5004",76,"D",75,76,80,77.333
70.3,"","1 2024","SCIE5004",70,"D",75,70,75,58.375
70.15,"","1 2024","SCIE5004",70,"D",75,70,75,75
65.2,"","1 2024","SCIE5004",65,"CR",75,65,70,62
70.3,"","1 2024","SCIE5004",70,"D",75,70,75,74.75
NA,"UP","1 2024","SCIE5005",NA,NA,NA,NA,NA,62.412
NA,"UP","1 2024","SCIE5005",NA,NA,NA,NA,NA,80.083
NA,"UP","1 2024","SCIE5005",NA,NA,NA,NA,NA,63.833
NA,"UP","1 2024","SCIE5005",NA,NA,NA,NA,NA,66.75
NA,"UP","1 2024","SCIE5005",NA,NA,NA,NA,NA,68.833
NA,"UP","1 2024","SCIE5005",NA,NA,NA,NA,NA,62.083
NA,"UP","1 2024","SCIE5005",NA,NA,NA,NA,NA,71.25
NA,"UP","1 2024","SCIE5005",NA,NA,NA,NA,NA,80.5
NA,"UP","1 2024","SCIE5005",NA,NA,NA,NA,NA,55.889
NA,"UP","1 2024","SCIE5005",NA,NA,NA,NA,NA,68.846
NA,"UP","1 2024","SCIE5005",NA,NA,NA,NA,NA,63
NA,"UP","1 2024","SCIE5005",NA,NA,NA,NA,NA,64.25
NA,"UP","1 2024","SCIE5005",NA,NA,NA,NA,NA,74.1
NA,"UP","1 2024","SCIE5005",NA,NA,NA,NA,NA,67.25
NA,"UP","1 2024","SCIE5005",NA,NA,NA,NA,NA,77.444
NA,"UP","1 2024","SCIE5005",NA,NA,NA,NA,NA,60.846
NA,"UP","1 2024","SCIE5005",NA,NA,NA,NA,NA,77.182
NA,"UP","1 2024","SCIE5005",NA,NA,NA,NA,NA,80
NA,"UP","1 2024","SCIE5005",NA,NA,NA,NA,NA,72
NA,"UP","1 2024","SCIE5005",NA,NA,NA,NA,NA,62.917
NA,"UP","1 2024","SCIE5005",NA,NA,NA,NA,NA,51.917
NA,"WH","1 2024","SCIE5005",NA,NA,NA,NA,NA,54
NA,"UP","1 2024","SCIE5005",NA,NA,NA,NA,NA,69.167
NA,"UP","1 2024","SCIE5005",NA,NA,NA,NA,NA,68.917
NA,"UP","1 2024","SCIE5005",NA,NA,NA,NA,NA,78.583
NA,"UP","1 2024","SCIE5005",NA,NA,NA,NA,NA,64.25
NA,"UP","1 2024","SCIE5005",NA,NA,NA,NA,NA,74.125
NA,"UP","1 2024","SCIE5005",NA,NA,NA,NA,NA,63.923
NA,"UP","1 2024","SCIE5005",NA,NA,NA,NA,NA,72.545
NA,"UP","1 2024","SCIE5005",NA,NA,NA,NA,NA,78
NA,"UP","1 2024","SCIE5005",NA,NA,NA,NA,NA,72.25
NA,"UP","1 2024","SCIE5005",NA,NA,NA,NA,NA,66
NA,"UP","1 2024","SCIE5005",NA,NA,NA,NA,NA,75.364
NA,"UP","1 2024","SCIE5005",NA,NA,NA,NA,NA,70.167
NA,"UP","1 2024","SCIE5005",NA,NA,NA,NA,NA,67.417
NA,"UP","1 2024","SCIE5005",NA,NA,NA,NA,NA,69.75
NA,"UP","1 2024","SCIE5005",NA,NA,NA,NA,NA,54
NA,"UP","1 2024","SCIE5005",NA,NA,NA,NA,NA,67.083
NA,"UP","1 2024","SCIE5005",NA,NA,NA,NA,NA,70.417
NA,"UP","1 2024","SCIE5005",NA,NA,NA,NA,NA,61
NA,"UP","1 2024","SCIE5005",NA,NA,NA,NA,NA,66.364
NA,"UP","1 2024","SCIE5005",NA,NA,NA,NA,NA,55.417
NA,"UP","1 2024","SCIE5005",NA,NA,NA,NA,NA,69.545
NA,"UP","1 2024","SCIE5005",NA,NA,NA,NA,NA,69.917
NA,"UP","1 2024","SCIE5005",NA,NA,NA,NA,NA,45.143
NA,"AC","1 2024","SCIE5571",NA,NA,NA,NA,NA,NA
NA,"AC","1 2024","SCIE5571",NA,NA,NA,NA,NA,81.429
NA,"AC","1 2024","SCIE5571",NA,NA,NA,NA,NA,73.75
NA,"AC","1 2024","SCIE5571",NA,NA,NA,NA,NA,NA
NA,"AC","1 2024","SCIE5571",NA,NA,NA,NA,NA,NA
NA,"AC","1 2024","SCIE5571",NA,NA,NA,NA,NA,77.25
NA,"AC","1 2024","SCIE5571",NA,NA,NA,NA,NA,72.75
NA,"AC","1 2024","SCIE5571",NA,NA,NA,NA,NA,68.5
NA,"AC","1 2024","SCIE5571",NA,NA,NA,NA,NA,75.286
NA,"AC","1 2024","SCIE5571",NA,NA,NA,NA,NA,74.75
NA,"AC","1 2024","SCIE5571",NA,NA,NA,NA,NA,72.5
NA,"AC","1 2024","SCIE5571",NA,NA,NA,NA,NA,87.25
NA,"AC","1 2024","SCIE5571",NA,NA,NA,NA,NA,72.75
NA,"AC","1 2024","SCIE5571",NA,NA,NA,NA,NA,NA
NA,"AC","1 2024","SCIE5571",NA,NA,NA,NA,NA,75.75
NA,"AC","1 2024","SCIE5571",NA,NA,NA,NA,NA,69.5
NA,"AC","1 2024","SCIE5571",NA,NA,NA,NA,NA,NA
NA,"AC","1 2024","SCIE5571",NA,NA,NA,NA,NA,79.75
NA,"AC","1 2024","SCIE5571",NA,NA,NA,NA,NA,NA
NA,"AC","1 2024","SCIE5571",NA,NA,NA,NA,NA,69.3
NA,"AC","1 2024","SCIE5571",NA,NA,NA,NA,NA,75
NA,"AC","1 2024","SCIE5571",NA,NA,NA,NA,NA,NA
NA,"AC","1 2024","SCIE5571",NA,NA,NA,NA,NA,77.5
NA,"AC","1 2024","SCIE5571",NA,NA,NA,NA,NA,80.286
NA,"AC","1 2024","SCIE5571",NA,NA,NA,NA,NA,65.5
NA,"AC","1 2024","SCIE5571",NA,NA,NA,NA,NA,61.875
NA,"AC","1 2024","SCIE5571",NA,NA,NA,NA,NA,79.857
NA,"AC","1 2024","SCIE5571",NA,NA,NA,NA,NA,77.25
NA,"AC","1 2024","SCIE5571",NA,NA,NA,NA,NA,79.25
NA,"AC","1 2024","SCIE5571",NA,NA,NA,NA,NA,72.429
NA,"AC","1 2024","SCIE5571",NA,NA,NA,NA,NA,83.682
NA,"AC","1 2024","SCIE5571",NA,NA,NA,NA,NA,77.625
NA,"AC","1 2024","SCIE5571",NA,NA,NA,NA,NA,67.125
NA,"AC","1 2024","SCIE5571",NA,NA,NA,NA,NA,NA
NA,"AC","1 2024","SCIE5571",NA,NA,NA,NA,NA,NA
NA,"AC","1 2024","SCIE5571",NA,NA,NA,NA,NA,81.167
NA,"AC","1 2024","SCIE5571",NA,NA,NA,NA,NA,70.5
NA,"AC","1 2024","SCIE5571",NA,NA,NA,NA,NA,70.25
NA,"AC","1 2024","SCIE5571",NA,NA,NA,NA,NA,77.5
NA,"AC","1 2024","SCIE5571",NA,NA,NA,NA,NA,68
NA,"AC","1 2024","SCIE5571",NA,NA,NA,NA,NA,NA
NA,"AC","1 2024","SCIE5571",NA,NA,NA,NA,NA,74.5
NA,"AC","1 2024","SCIE5571",NA,NA,NA,NA,NA,75.25
NA,"AC","1 2024","SCIE5571",NA,NA,NA,NA,NA,80.25
NA,"AC","1 2024","SCIE5571",NA,NA,NA,NA,NA,77.875
NA,"AC","1 2024","SCIE5571",NA,NA,NA,NA,NA,75.75
NA,"AC","1 2024","SCIE5571",NA,NA,NA,NA,NA,73.75
NA,"AC","1 2024","SCIE5571",NA,NA,NA,NA,NA,73.5
NA,"AC","1 2024","SCIE5571",NA,NA,NA,NA,NA,73.375
NA,"AC","1 2024","SCIE5571",NA,NA,NA,NA,NA,77.25
NA,"AC","1 2024","SCIE5571",NA,NA,NA,NA,NA,74.625
NA,"AC","1 2024","SCIE5571",NA,NA,NA,NA,NA,77.25
NA,"AC","1 2024","SCIE5571",NA,NA,NA,NA,NA,82.25
NA,"AC","1 2024","SCIE5571",NA,NA,NA,NA,NA,77.286
NA,"AC","1 2024","SCIE5572",NA,NA,NA,NA,NA,78.143
NA,"AC","1 2024","SCIE5572",NA,NA,NA,NA,NA,75.286
NA,"AC","1 2024","SCIE5572",NA,NA,NA,NA,NA,74.75
NA,"AC","1 2024","SCIE5572",NA,NA,NA,NA,NA,79.273
NA,"AC","1 2024","SCIE5572",NA,NA,NA,NA,NA,87.25
NA,"AC","1 2024","SCIE5572",NA,NA,NA,NA,NA,72.75
NA,"AC","1 2024","SCIE5572",NA,NA,NA,NA,NA,77
NA,"AC","1 2024","SCIE5572",NA,NA,NA,NA,NA,69.3
NA,"AC","1 2024","SCIE5572",NA,NA,NA,NA,NA,75
NA,"AC","1 2024","SCIE5572",NA,NA,NA,NA,NA,82
NA,"AC","1 2024","SCIE5572",NA,NA,NA,NA,NA,74.091
NA,"AC","1 2024","SCIE5572",NA,NA,NA,NA,NA,79.857
NA,"AC","1 2024","SCIE5572",NA,NA,NA,NA,NA,79.25
NA,"AC","1 2024","SCIE5572",NA,NA,NA,NA,NA,72.273
NA,"AC","1 2024","SCIE5572",NA,NA,NA,NA,NA,72.429
NA,"AC","1 2024","SCIE5572",NA,NA,NA,NA,NA,83.682
NA,"AC","1 2024","SCIE5572",NA,NA,NA,NA,NA,82.857
NA,"AC","1 2024","SCIE5572",NA,NA,NA,NA,NA,NA
NA,"AC","1 2024","SCIE5572",NA,NA,NA,NA,NA,81.167
NA,"AC","1 2024","SCIE5572",NA,NA,NA,NA,NA,70.5
NA,"AC","1 2024","SCIE5572",NA,NA,NA,NA,NA,67.545
NA,"AC","1 2024","SCIE5572",NA,NA,NA,NA,NA,76.545
NA,"AC","1 2024","SCIE5572",NA,NA,NA,NA,NA,73.4
NA,"AC","1 2024","SCIE5572",NA,NA,NA,NA,NA,75.364
NA,"AC","1 2024","SCIE5572",NA,NA,NA,NA,NA,75.25
NA,"AC","1 2024","SCIE5572",NA,NA,NA,NA,NA,82.857
NA,"AC","1 2024","SCIE5572",NA,NA,NA,NA,NA,82.25
NA,"AC","1 2024","SCIE5572",NA,NA,NA,NA,NA,73.5
NA,"AC","1 2024","SCIE5572",NA,NA,NA,NA,NA,73.375
NA,"AC","1 2024","SCIE5572",NA,NA,NA,NA,NA,84.25
NA,"AC","1 2024","SCIE5572",NA,NA,NA,NA,NA,73.636
NA,"AC","1 2024","SCIE5572",NA,NA,NA,NA,NA,77.25
NA,"AC","1 2024","SCIE5572",NA,NA,NA,NA,NA,77.286
NA,"AC","1 2024","SCIE5573",NA,NA,NA,NA,NA,78.143
NA,"AC","1 2024","SCIE5573",NA,NA,NA,NA,NA,70.8
NA,"AC","1 2024","SCIE5573",NA,NA,NA,NA,NA,82.2
NA,"AC","1 2024","SCIE5573",NA,NA,NA,NA,NA,79.273
NA,"AC","1 2024","SCIE5573",NA,NA,NA,NA,NA,68.462
NA,"AC","1 2024","SCIE5573",NA,NA,NA,NA,NA,66.9
NA,"AC","1 2024","SCIE5573",NA,NA,NA,NA,NA,77
NA,"AC","1 2024","SCIE5573",NA,NA,NA,NA,NA,73
NA,"AC","1 2024","SCIE5573",NA,NA,NA,NA,NA,71.417
NA,"AC","1 2024","SCIE5573",NA,NA,NA,NA,NA,73.4
NA,"AC","1 2024","SCIE5573",NA,NA,NA,NA,NA,74.091
NA,"AC","1 2024","SCIE5573",NA,NA,NA,NA,NA,77.1
NA,"AC","1 2024","SCIE5573",NA,NA,NA,NA,NA,79.4
NA,"AC","1 2024","SCIE5573",NA,NA,NA,NA,NA,72.273
NA,"AC","1 2024","SCIE5573",NA,NA,NA,NA,NA,82.857
NA,"AC","1 2024","SCIE5573",NA,NA,NA,NA,NA,71.2
NA,"AC","1 2024","SCIE5573",NA,NA,NA,NA,NA,67.545
NA,"AC","1 2024","SCIE5573",NA,NA,NA,NA,NA,76.545
NA,"AC","1 2024","SCIE5573",NA,NA,NA,NA,NA,75.364
NA,"AC","1 2024","SCIE5573",NA,NA,NA,NA,NA,82.857
NA,"AC","1 2024","SCIE5573",NA,NA,NA,NA,NA,92.25
NA,"AC","1 2024","SCIE5573",NA,NA,NA,NA,NA,78.5
NA,"AC","1 2024","SCIE5573",NA,NA,NA,NA,NA,84.25
NA,"AC","1 2024","SCIE5573",NA,NA,NA,NA,NA,81.6
NA,"AC","1 2024","SCIE5573",NA,NA,NA,NA,NA,82.5
NA,"AC","1 2024","SCIE5573",NA,NA,NA,NA,NA,73.636
NA,"AC","1 2024","SCIE5573",NA,NA,NA,NA,NA,84
NA,"AC","1 2024","SCIE5573",NA,NA,NA,NA,NA,80
76.53,"","1 2024","SCIE5574",77,"D",75,77,80,78.143
75.43,"","1 2024","SCIE5574",75,"D",75,75,80,70.8
NA,NA,"1 2024","SCIE5574",NA,NA,75,NA,NA,82.2
84.43,"","1 2024","SCIE5574",84,"HD",75,84,85,79.273
77.1,"","1 2024","SCIE5574",77,"D",75,77,80,68.462
77.75,"","1 2024","SCIE5574",78,"D",75,78,80,77
65.3,"","1 2024","SCIE5574",65,"CR",75,65,70,73
67.2,"","1 2024","SCIE5574",67,"CR",75,67,70,71.417
74.95,"","1 2024","SCIE5574",75,"D",75,75,80,73.4
70.38,"","1 2024","SCIE5574",70,"D",75,70,75,74.091
64.55,"","1 2024","SCIE5574",65,"CR",75,65,70,77.1
NA,NA,"1 2024","SCIE5574",NA,NA,75,NA,NA,72
86.45,"","1 2024","SCIE5574",86,"HD",75,86,90,79.4
55.28,"","1 2024","SCIE5574",55,"P",75,55,60,72.273
80.8,"","1 2024","SCIE5574",81,"HD",75,81,85,82.857
NA,NA,"1 2024","SCIE5574",NA,NA,75,NA,NA,71.2
70.7,"","1 2024","SCIE5574",71,"D",75,71,75,67.545
NA,NA,"1 2024","SCIE5574",NA,NA,75,NA,NA,76.545
84.4,"","1 2024","SCIE5574",84,"HD",75,84,85,75.364
83.2,"","1 2024","SCIE5574",83,"HD",75,83,85,82.857
82.9,"","1 2024","SCIE5574",83,"HD",75,83,85,92.25
73.6,"","1 2024","SCIE5574",74,"D",75,74,75,78.5
NA,NA,"1 2024","SCIE5574",NA,NA,75,NA,NA,84.25
70.08,"","1 2024","SCIE5574",70,"D",75,70,75,81.6
83.8,"","1 2024","SCIE5574",84,"HD",75,84,85,82.5
63.4,"","1 2024","SCIE5574",63,"CR",75,63,65,73.636
65,"","1 2024","SCIE5574",65,"CR",75,65,70,84
66.43,"","1 2024","SCIE5574",66,"CR",75,66,70,80
72,"","MC1H 2024","SCIEM521",72,"D",82,72,75,NA
96,"","MC1H 2024","SCIEM521",96,"HD",82,96,100,NA
90,"","MC1H 2024","SCIEM521",90,"HD",82,90,95,NA
86,"","MC1H 2024","SCIEM521",86,"HD",82,86,90,NA
100,"","MC1H 2024","SCIEM521",100,"HD",82,100,100,NA
0,"","MC1H 2024","SCIEM521",0,"N",82,NA,5,NA
75,"","MC1H 2024","SCIEM521",75,"D",82,75,80,NA
75,"","MC1H 2024","SCIEM521",75,"D",82,75,80,NA
75,"","MC1H 2024","SCIEM521",75,"D",82,75,80,NA
79,"","MC1H 2024","SCIEM521",79,"D",82,79,80,NA
75,"","MC1H 2024","SCIEM521",75,"D",82,75,80,NA
77,"","MC1H 2024","SCIEM521",77,"D",82,77,80,NA
89,"","MC1H 2024","SCIEM521",89,"HD",82,89,90,NA
86,"","MC1H 2024","SCIEM521",86,"HD",82,86,90,NA
83,"","MC1H 2024","SCIEM521",83,"HD",82,83,85,NA
100,"","MC1H 2024","SCIEM521",100,"HD",82,100,100,NA
84,"","MC1H 2024","SCIEM521",84,"HD",82,84,85,NA
81,"","MC1H 2024","SCIEM521",81,"HD",82,81,85,NA
79,"","MC1H 2024","SCIEM522",79,"D",79,79,80,NA
68,"","MC1H 2024","SCIEM522",68,"CR",79,68,70,NA
82,"","MC1H 2024","SCIEM522",82,"HD",79,82,85,NA
0,"","MC1H 2024","SCIEM522",0,"N",79,NA,5,NA
68,"","MC1H 2024","SCIEM522",68,"CR",79,68,70,NA
82,"","MC1H 2024","SCIEM522",82,"HD",79,82,85,NA
77,"","MC1H 2024","SCIEM522",77,"D",79,77,80,NA
60,"","MC1H 2024","SCIEM522",60,"CR",79,60,65,NA
98,"","MC1H 2024","SCIEM522",98,"HD",79,98,100,NA
85,"","MC1H 2024","SCIEM522",85,"HD",79,85,90,NA
88,"","MC1H 2024","SCIEM522",88,"HD",79,88,90,NA
0,"","MC1H 2024","SCIEM522",0,"N",79,NA,5,NA
85,"","MC1H 2024","SCIEM522",85,"HD",79,85,90,NA
0,"","MC1H 2024","SCIEM523",0,"N",84,NA,5,NA
91,"","MC1H 2024","SCIEM523",91,"HD",84,91,95,NA
83,"","MC1H 2024","SCIEM523",83,"HD",84,83,85,NA
0,"","MC1H 2024","SCIEM523",0,"N",84,NA,5,NA
78,"","MC1H 2024","SCIEM523",78,"D",84,78,80,NA
90,"","MC1H 2024","SCIEM523",90,"HD",84,90,95,NA
0,"","MC1H 2024","SCIEM523",0,"N",84,NA,5,NA
99,"","MC1H 2024","SCIEM523",99,"HD",84,99,100,NA
90,"","MC1H 2024","SCIEM523",90,"HD",84,90,95,NA
85,"","MC1H 2024","SCIEM523",85,"HD",84,85,90,NA
94,"","MC1H 2024","SCIEM523",94,"HD",84,94,95,NA
0,"","MC1H 2024","SCIEM523",0,"N",84,NA,5,NA
