"","Unit","Mark","Grade","Median","Round.Total..no.0.","Category","WAM"
"1","AGRI1001",65,"CR",63,65,70,55.083
"2","AGRI1001",60,"CR",63,60,65,71.75
"3","AGRI1001",66,"CR",63,66,70,NA
"4","AGRI1001",71,"D",63,71,75,54.619
"5","AGRI1001",74,"D",63,74,75,NA
"6","AGRI1001",67,"CR",63,67,70,73.5
"7","AGRI1001",58,"P",63,58,60,NA
"8","AGRI1001",76,"D",63,76,80,NA
"9","AGRI1001",24,"N",63,24,25,NA
"10","AGRI1001",52,"P",63,52,55,NA
"11","AGRI1001",61,"CR",63,61,65,NA
"12","AGRI1001",60,"CR",63,60,65,NA
"13","AGRI1001",64,"CR",63,64,65,69.25
"14","AGRI1001",72,"D",63,72,75,NA
"15","AGRI1001",50,"P",63,50,55,NA
"16","AGRI1001",62,"CR",63,62,65,NA
"17","AGRI1001",65,"CR",63,65,70,NA
"18","AGRI1001",63,"CR",63,63,65,NA
"19","AGRI1001",60,"CR",63,60,65,58.143
"20","AGRI1001",52,"P",63,52,55,NA
"21","AGRI1001",74,"D",63,74,75,75.125
"22","AGRI1001",72,"D",63,72,75,71.267
"23","AGRI1001",45,"N+",63,45,50,NA
"24","AGRI1001",76,"D",63,76,80,NA
"25","AGRI1001",60,"CR",63,60,65,60.048
"26","AGRI1001",86,"HD",63,86,90,83.833
"27","AGRI1001",52,"P",63,52,55,NA
"28","AGRI1001",23,"N",63,23,25,NA
"29","AGRI1001",84,"HD",63,84,85,79.25
"30","AGRI1001",63,"CR",63,63,65,NA
"31","AGRI1001",76,"D",63,76,80,NA
"32","AGRI1001",72,"D",63,72,75,NA
"33","AGRI1001",63,"CR",63,63,65,65.75
"34","AGRI1001",32,"N",63,32,35,61.75
"35","AGRI1001",52,"P",63,52,55,NA
"36","AGRI1001",70,"D",63,70,75,73.5
"37","AGRI1001",60,"CR",63,60,65,NA
"38","AGRI1001",50,"P",63,50,55,NA
"39","AGRI1001",51,"P",63,51,55,NA
"40","AGRI1001",60,"CR",63,60,65,50.25
"41","AGRI1001",60,"CR",63,60,65,69.167
"42","AGRI1001",85,"HD",63,85,90,76.813
"43","AGRI1001",45,"N+",63,45,50,NA
"44","AGRI1001",72,"D",63,72,75,NA
"45","AGRI1001",71,"D",63,71,75,66.813
"46","AGRI1001",59,"P",63,59,60,NA
"47","AGRI1001",61,"CR",63,61,65,NA
"48","AGRI1001",38,"N",63,38,40,60.25
"49","AGRI1001",65,"CR",63,65,70,NA
"50","AGRI1001",82,"HD",63,82,85,NA
"51","AGRI1001",80,"HD",63,80,85,80.368
"52","AGRI1001",67,"CR",63,67,70,NA
"53","AGRI1001",64,"CR",63,64,65,NA
"54","AGRI1001",56,"P",63,56,60,64.5
"55","AGRI1001",38,"N",63,38,40,NA
"56","AGRI1001",67,"CR",63,67,70,42.222
"57","AGRI1001",68,"CR",63,68,70,NA
"58","AGRI1001",52,"P",63,52,55,63
"59","AGRI1001",55,"P",63,55,60,NA
"60","AGRI1001",68,"CR",63,68,70,77.75
"61","AGRI1001",53,"P",63,53,55,NA
"62","AGRI1001",81,"HD",63,81,85,NA
"63","AGRI1001",14,"N",63,14,15,NA
"64","AGRI1001",75,"D",63,75,80,NA
"65","AGRI1001",78,"D",63,78,80,76.25
"66","AGRI1001",61,"CR",63,61,65,66.375
"67","AGRI1001",69,"CR",63,69,70,NA
"68","AGRI1001",69,"CR",63,69,70,NA
"69","AGRI1001",55,"P",63,55,60,NA
"70","AGRI1001",75,"D",63,75,80,67.625
"71","AGRI1001",80,"HD",63,80,85,NA
"72","AGRI1001",72,"D",63,72,75,NA
"73","AGRI1001",78,"D",63,78,80,70
"74","AGRI1001",72,"D",63,72,75,55.929
"75","AGRI1001",44,"N",63,44,45,NA
"76","AGRI1001",50,"P",63,50,55,NA
"77","AGRI1001",62,"CR",63,62,65,64.5
"78","AGRI1001",36,"N",63,36,40,NA
"79","AGRI1001",75,"D",63,75,80,NA
"80","AGRI1001",57,"P",63,57,60,NA
"81","AGRI1001",57,"P",63,57,60,38.75
"82","AGRI1001",73,"D",63,73,75,NA
"83","AGRI3003",68,"CR",69.5,68,70,68.2
"84","AGRI3003",63,"CR",69.5,63,65,66.267
"85","AGRI3003",62,"CR",69.5,62,65,70.8
"86","AGRI3003",41,"N",69.5,41,45,78.625
"87","AGRI3003",77,"D",69.5,77,80,79.467
"88","AGRI3003",33,"N",69.5,33,35,61.692
"89","AGRI3003",24,"N",69.5,24,25,70.5
"90","AGRI3003",71,"D",69.5,71,75,55.929
"91","AGRI3003",71,"D",69.5,71,75,57.875
"92","AGRI3003",76,"D",69.5,76,80,67.438
"93","AGRI3003",75,"D",69.5,75,80,65
"94","AGRI3003",87,"HD",69.5,87,90,79.8
"95","ECON1120",90,"HD",70,90,95,NA
"96","ECON1120",73,"D",70,73,75,NA
"97","ECON1120",71,"D",70,71,75,55.5
"98","ECON1120",82,"HD",70,82,85,NA
"99","ECON1120",80,"HD",70,80,85,69.125
"100","ECON1120",64,"CR",70,64,65,NA
"101","ECON1120",72,"D",70,72,75,NA
"102","ECON1120",0,"N",70,NA,5,NA
"103","ECON1120",0,"N",70,NA,5,63
"104","ECON1120",53,"P",70,53,55,NA
"105","ECON1120",85,"HD",70,85,90,77
"106","ECON1120",71,"D",70,71,75,NA
"107","ECON1120",73,"D",70,73,75,76.5
"108","ECON1120",84,"HD",70,84,85,80.625
"109","ECON1120",74,"D",70,74,75,48
"110","ECON1120",66,"CR",70,66,70,NA
"111","ECON1120",66,"CR",70,66,70,74.5
"112","ECON1120",64,"CR",70,64,65,NA
"113","ECON1120",80,"HD",70,80,85,71.375
"114","ECON1120",67,"CR",70,67,70,NA
"115","ECON1120",69,"CR",70,69,70,67.667
"116","ECON1120",84,"HD",70,84,85,NA
"117","ECON1120",55,"P",70,55,60,NA
"118","ECON1120",27,"N",70,27,30,NA
"119","ECON1120",19,"N",70,19,20,33.75
"120","ECON1120",65,"CR",70,65,70,NA
"121","ECON1120",69,"CR",70,69,70,NA
"122","ECON1120",70,"D",70,70,75,52.688
"123","ECON1120",72,"D",70,72,75,NA
"124","ECON1120",13,"N",70,13,15,NA
"125","ECON1120",74,"D",70,74,75,75.75
"126","ECON1120",70,"D",70,70,75,NA
"127","ECON1120",76,"D",70,76,80,NA
"128","ECON1120",67,"CR",70,67,70,NA
"129","ECON1120",75,"D",70,75,80,NA
"130","ECON1120",57,"P",70,57,60,NA
"131","ECON1120",28,"N",70,28,30,NA
"132","ECON1120",50,"P",70,50,55,NA
"133","ECON1120",67,"CR",70,67,70,NA
"134","ECON1120",80,"HD",70,80,85,NA
"135","ECON1120",81,"HD",70,81,85,NA
"136","ECON1120",85,"HD",70,85,90,86.25
"137","ECON1120",26,"N",70,26,30,NA
"138","ECON1120",75,"D",70,75,80,73
"139","ECON1120",66,"CR",70,66,70,NA
"140","ECON1120",80,"HD",70,80,85,NA
"141","ECON1120",55,"P",70,55,60,NA
"142","ECON1120",92,"HD",70,92,95,NA
"143","ECON1120",72,"D",70,72,75,NA
"144","ECON1120",48,"N+",70,48,50,52.667
"145","ECON1120",60,"CR",70,60,65,78.75
"146","ECON1120",72,"D",70,72,75,56.909
"147","ECON1120",91,"HD",70,91,95,NA
"148","ECON1120",52,"P",70,52,55,NA
"149","ECON1120",0,"N",70,NA,5,56.167
"150","ECON1120",77,"D",70,77,80,66.125
"151","ECON1120",61,"CR",70,61,65,NA
"152","ECON1120",80,"HD",70,80,85,NA
"153","ECON1120",80,"HD",70,80,85,NA
"154","ECON1120",85,"HD",70,85,90,91.75
"155","ECON1120",47,"N+",70,47,50,NA
"156","ECON1120",79,"D",70,79,80,77.5
"157","ECON1120",71,"D",70,71,75,79.5
"158","ECON1120",61,"CR",70,61,65,NA
"159","ECON1120",72,"D",70,72,75,NA
"160","ECON1120",51,"P",70,51,55,NA
"161","ECON1120",72,"D",70,72,75,66.625
"162","ECON1120",72,"D",70,72,75,NA
"163","ECON1120",47,"N+",70,47,50,58.25
"164","ECON1120",67,"CR",70,67,70,NA
"165","ECON1120",78,"D",70,78,80,NA
"166","ECON1120",69,"CR",70,69,70,NA
"167","ECON1120",48,"N+",70,48,50,NA
"168","ECON1120",83,"HD",70,83,85,NA
"169","ECON1120",75,"D",70,75,80,NA
"170","ECON1120",69,"CR",70,69,70,NA
"171","ECON1120",60,"CR",70,60,65,NA
"172","ECON1120",90,"HD",70,90,95,NA
"173","ECON1120",58,"P",70,58,60,64.929
"174","ECON1120",80,"HD",70,80,85,NA
"175","ECON1120",75,"D",70,75,80,NA
"176","ECON1120",82,"HD",70,82,85,NA
"177","ECON1120",77,"D",70,77,80,NA
"178","ECON1120",70,"D",70,70,75,NA
"179","ECON1120",55,"P",70,55,60,65.5
"180","ECON1120",62,"CR",70,62,65,NA
"181","ECON1120",59,"P",70,59,60,NA
"182","ECON1120",71,"D",70,71,75,NA
"183","ECON1120",68,"CR",70,68,70,NA
"184","ECON2224",67,"CR",65.5,67,70,65.75
"185","ECON2224",67,"CR",65.5,67,70,77.75
"186","ECON2224",64,"CR",65.5,64,65,60.938
"187","ECON2224",NA,"",65.5,NA,NA,83.818
"188","ECON2224",55,"P",65.5,55,60,61.688
"189","ECON2224",63,"CR",65.5,63,65,79.5
"190","ECON2224",62,"CR",65.5,62,65,48.545
"191","ECON2224",59,"P",65.5,59,60,67.636
"192","ECON2224",66,"CR",65.5,66,70,63.125
"193","ECON2224",71,"D",65.5,71,75,NA
"194","ECON2224",71,"D",65.5,71,75,66.154
"195","ECON2224",80,"HD",65.5,80,85,81
"196","ECON2224",53,"P",65.5,53,55,61.75
"197","ECON2224",77,"D",65.5,77,80,NA
"198","ECON2224",86,"HD",65.5,86,90,74.125
"199","ECON2224",62,"CR",65.5,62,65,72.125
"200","ECON2224",53,"P",65.5,53,55,63.286
"201","ECON2224",65,"CR",65.5,65,70,76.375
"202","ECON2224",56,"P",65.5,56,60,64.045
"203","ECON2224",74,"D",65.5,74,75,78.9
"204","ECON2224",19,"N",65.5,19,20,52.519
"205","ECON2224",86,"HD",65.5,86,90,82.625
"206","ECON2224",65,"CR",65.5,65,70,69.063
"207","ECON2224",65,"CR",65.5,65,70,81.125
"208","ECON2224",76,"D",65.5,76,80,78.583
"209","ECON2224",74,"D",65.5,74,75,NA
"210","ECON2224",61,"CR",65.5,61,65,61.625
"211","ECON2224",71,"D",65.5,71,75,67.1
"212","ECON2224",56,"P",65.5,56,60,68.8
"213","ECON2224",81,"HD",65.5,81,85,76.25
"214","ECON2224",69,"CR",65.5,69,70,76.438
"215","ECON2224",56,"P",65.5,56,60,50.533
"216","ECON2224",72,"D",65.5,72,75,65.714
"217","ECON2224",52,"P",65.5,52,55,NA
"218","ECON2224",53,"P",65.5,53,55,69.875
"219","ECON2224",54,"P",65.5,54,55,60.087
"220","ECON2224",56,"P",65.5,56,60,67.6
"221","ECON2224",73,"D",65.5,73,75,77.875
"222","ECON2224",74,"D",65.5,74,75,78.125
"223","ECON2224",67,"CR",65.5,67,70,74.438
"224","ECON2224",81,"HD",65.5,81,85,74.875
"225","ECON2224",53,"P",65.5,53,55,66.286
"226","ECON2224",50,"P",65.5,50,55,63.533
"227","ECON2224",NA,"",65.5,NA,NA,60.375
"228","ECON2224",15,"N",65.5,15,20,62.875
"229","ECON2224",60,"CR",65.5,60,65,52.464
"230","ECON2224",77,"D",65.5,77,80,74.25
"231","ECON2224",60,"CR",65.5,60,65,66
"232","ECON2224",65,"CR",65.5,65,70,67.357
"233","ECON2224",80,"HD",65.5,80,85,79.625
"234","ECON2224",79,"D",65.5,79,80,73.5
"235","ECON2224",52,"P",65.5,52,55,58.579
"236","ECON2224",81,"HD",65.5,81,85,82.375
"237","ECON2224",60,"CR",65.5,60,65,75.5
"238","ECON2224",77,"D",65.5,77,80,73.625
"239","ECON2224",72,"D",65.5,72,75,73.125
"240","ECON2224",70,"D",65.5,70,75,59.75
"241","ECON2224",85,"HD",65.5,85,90,74.063
"242","ECON2224",65,"CR",65.5,65,70,58.1
"243","ECON2224",72,"D",65.5,72,75,72.45
"244","ECON3300",54,"P",65,54,55,52.667
"245","ECON3300",61,"CR",65,61,65,58.818
"246","ECON3300",70,"D",65,70,75,65.304
"247","ECON3300",60,"CR",65,60,65,68.2
"248","ECON3300",71,"D",65,71,75,72.813
"249","ECON3300",60,"CR",65,60,65,66.267
"250","ECON3300",62,"CR",65,62,65,70.8
"251","ECON3300",77,"D",65,77,80,79.467
"252","ECON3300",61,"CR",65,61,65,67.545
"253","ECON3300",66,"CR",65,66,70,72.625
"254","ECON3300",65,"CR",65,65,70,65.714
"255","ECON3300",77,"D",65,77,80,71.188
"256","ECON3300",73,"D",65,73,75,78
"257","ECON3300",16,"N",65,16,20,65.563
"258","ECON3300",77,"D",65,77,80,77.053
"259","ECON3300",57,"P",65,57,60,NA
"260","ECON3300",71,"D",65,71,75,NA
"261","ECON3300",68,"CR",65,68,70,69.267
"262","ECON3300",59,"P",65,59,60,51.667
"263","ECON3300",52,"P",65,52,55,55.813
"264","ECON3300",75,"D",65,75,80,70.375
"265","ECON3300",76,"D",65,76,80,62.071
"266","ECON3300",57,"P",65,57,60,65.125
"267","ECON3300",33,"N",65,33,35,61.692
"268","ECON3300",56,"P",65,56,60,59.333
"269","ECON3300",69,"CR",65,69,70,71.833
"270","ECON3300",59,"P",65,59,60,70.5
"271","ECON3300",NA,"",65,NA,NA,58.75
"272","ECON3300",77,"D",65,77,80,77.333
"273","ECON3300",79,"D",65,79,80,75.867
"274","ECON3300",63,"CR",65,63,65,76.55
"275","ECON3300",75,"D",65,75,80,73.75
"276","ECON3300",58,"P",65,58,60,67.438
"277","ECON3300",72,"D",65,72,75,65
"278","ECON3300",84,"HD",65,84,85,79.8
"279","ECON3300",50,"P",65,50,55,56.6
"280","ECON3323",NA,"",67.5,NA,NA,83.818
"281","ECON3323",54,"P",67.5,54,55,61.688
"282","ECON3323",62,"CR",67.5,62,65,69.938
"283","ECON3323",66,"CR",67.5,66,70,70.563
"284","ECON3323",67,"CR",67.5,67,70,74.8
"285","ECON3323",59,"P",67.5,59,60,71.188
"286","ECON3323",55,"P",67.5,55,60,57.813
"287","ECON3323",63,"CR",67.5,63,65,80.875
"288","ECON3323",73,"D",67.5,73,75,58
"289","ECON3323",82,"HD",67.5,82,85,70.938
"290","ECON3323",65,"CR",67.5,65,70,69.571
"291","ECON3323",75,"D",67.5,75,80,65.9
"292","ECON3323",70,"D",67.5,70,75,72.143
"293","ECON3323",69,"CR",67.5,69,70,72.563
"294","ECON3323",60,"CR",67.5,60,65,67.563
"295","ECON3323",65,"CR",67.5,65,70,64.667
"296","ECON3323",86,"HD",67.5,86,90,84.615
"297","ECON3323",NA,"",67.5,NA,NA,76.813
"298","ECON3323",80,"HD",67.5,80,85,72.25
"299","ECON3323",71,"D",67.5,71,75,76.438
"300","ECON3323",72,"D",67.5,72,75,70.938
"301","ECON3323",73,"D",67.5,73,75,59.483
"302","ECON3323",NA,"",67.5,NA,NA,72.263
"303","ECON3323",67,"CR",67.5,67,70,72.688
"304","ECON3323",59,"P",67.5,59,60,67.333
"305","ECON3323",76,"D",67.5,76,80,78.125
"306","ECON3323",66,"CR",67.5,66,70,69.267
"307","ECON3323",74,"D",67.5,74,75,74.438
"308","ECON3323",58,"P",67.5,58,60,58.462
"309","ECON3323",73,"D",67.5,73,75,69.25
"310","ECON3323",52,"P",67.5,52,55,60.875
"311","ECON3323",69,"CR",67.5,69,70,62.071
"312","ECON3323",77,"D",67.5,77,80,81.261
"313","ECON3323",NA,"",67.5,NA,NA,70.667
"314","ECON3323",68,"CR",67.5,68,70,58.625
"315","ECON3323",73,"D",67.5,73,75,74.063
"316","ECON3323",52,"P",67.5,52,55,58.1
"317","ECON3323",65,"CR",67.5,65,70,63.583
"318","ENVT1104",63,"CR",68,63,65,NA
"319","ENVT1104",68,"CR",68,68,70,NA
"320","ENVT1104",80,"HD",68,80,85,NA
"321","ENVT1104",62,"CR",68,62,65,NA
"322","ENVT1104",85,"HD",68,85,90,NA
"323","ENVT1104",63,"CR",68,63,65,NA
"324","ENVT1104",37,"N",68,37,40,NA
"325","ENVT1104",66,"CR",68,66,70,NA
"326","ENVT1104",72,"D",68,72,75,NA
"327","ENVT1104",62,"CR",68,62,65,55.667
"328","ENVT1104",86,"HD",68,86,90,86.25
"329","ENVT1104",68,"CR",68,68,70,NA
"330","ENVT1104",66,"CR",68,66,70,54.857
"331","ENVT1104",55,"P",68,55,60,NA
"332","ENVT1104",59,"P",68,59,60,NA
"333","ENVT1104",70,"D",68,70,75,NA
"334","ENVT1104",65,"CR",68,65,70,NA
"335","ENVT1104",80,"HD",68,80,85,NA
"336","ENVT1104",71,"D",68,71,75,NA
"337","ENVT1104",74,"D",68,74,75,NA
"338","ENVT1104",45,"N+",68,45,50,62.5
"339","ENVT1104",80,"HD",68,80,85,89
"340","ENVT1104",68,"CR",68,68,70,NA
"341","ENVT1104",74,"D",68,74,75,NA
"342","ENVT1104",54,"P",68,54,55,48.545
"343","ENVT1104",76,"D",68,76,80,48
"344","ENVT1104",65,"CR",68,65,70,NA
"345","ENVT1104",65,"CR",68,65,70,78
"346","ENVT1104",59,"P",68,59,60,NA
"347","ENVT1104",61,"CR",68,61,65,62.75
"348","ENVT1104",73,"D",68,73,75,NA
"349","ENVT1104",28,"N",68,28,30,NA
"350","ENVT1104",54,"P",68,54,55,NA
"351","ENVT1104",81,"HD",68,81,85,62.333
"352","ENVT1104",82,"HD",68,82,85,NA
"353","ENVT1104",75,"D",68,75,80,NA
"354","ENVT1104",0,"N",68,NA,5,NA
"355","ENVT1104",75,"D",68,75,80,NA
"356","ENVT1104",51,"P",68,51,55,71.385
"357","ENVT1104",72,"D",68,72,75,NA
"358","ENVT1104",75,"D",68,75,80,NA
"359","ENVT1104",67,"CR",68,67,70,NA
"360","ENVT1104",55,"P",68,55,60,72.5
"361","ENVT1104",67,"CR",68,67,70,NA
"362","ENVT1104",68,"CR",68,68,70,NA
"363","ENVT1104",70,"D",68,70,75,NA
"364","ENVT1104",60,"CR",68,60,65,76.313
"365","ENVT1104",68,"CR",68,68,70,NA
"366","ENVT1104",74,"D",68,74,75,NA
"367","ENVT1104",56,"P",68,56,60,NA
"368","ENVT1104",65,"CR",68,65,70,79
"369","ENVT1104",63,"CR",68,63,65,NA
"370","ENVT1104",73,"D",68,73,75,NA
"371","ENVT1104",77,"D",68,77,80,60.048
"372","ENVT1104",72,"D",68,72,75,NA
"373","ENVT1104",66,"CR",68,66,70,84.5
"374","ENVT1104",73,"D",68,73,75,NA
"375","ENVT1104",64,"CR",68,64,65,77
"376","ENVT1104",61,"CR",68,61,65,70.5
"377","ENVT1104",20,"N",68,20,25,NA
"378","ENVT1104",62,"CR",68,62,65,NA
"379","ENVT1104",55,"P",68,55,60,60.6
"380","ENVT1104",67,"CR",68,67,70,70
"381","ENVT1104",63,"CR",68,63,65,NA
"382","ENVT1104",57,"P",68,57,60,NA
"383","ENVT1104",60,"CR",68,60,65,NA
"384","ENVT1104",63,"CR",68,63,65,NA
"385","ENVT1104",65,"CR",68,65,70,NA
"386","ENVT1104",50,"P",68,50,55,56.333
"387","ENVT1104",68,"CR",68,68,70,63.5
"388","ENVT1104",63,"CR",68,63,65,NA
"389","ENVT1104",69,"CR",68,69,70,NA
"390","ENVT1104",74,"D",68,74,75,NA
"391","ENVT1104",80,"HD",68,80,85,82.625
"392","ENVT1104",76,"D",68,76,80,NA
"393","ENVT1104",68,"CR",68,68,70,NA
"394","ENVT1104",63,"CR",68,63,65,NA
"395","ENVT1104",66,"CR",68,66,70,NA
"396","ENVT1104",68,"CR",68,68,70,NA
"397","ENVT1104",59,"P",68,59,60,NA
"398","ENVT1104",70,"D",68,70,75,NA
"399","ENVT1104",67,"CR",68,67,70,76.5
"400","ENVT1104",71,"D",68,71,75,NA
"401","ENVT1104",76,"D",68,76,80,63
"402","ENVT1104",69,"CR",68,69,70,NA
"403","ENVT1104",76,"D",68,76,80,NA
"404","ENVT1104",63,"CR",68,63,65,NA
"405","ENVT1104",71,"D",68,71,75,NA
"406","ENVT1104",70,"D",68,70,75,NA
"407","ENVT1104",70,"D",68,70,75,NA
"408","ENVT1104",67,"CR",68,67,70,71.5
"409","ENVT1104",80,"HD",68,80,85,NA
"410","ENVT1104",71,"D",68,71,75,NA
"411","ENVT1104",64,"CR",68,64,65,NA
"412","ENVT1104",65,"CR",68,65,70,NA
"413","ENVT1104",70,"D",68,70,75,NA
"414","ENVT1104",71,"D",68,71,75,64.25
"415","ENVT1104",73,"D",68,73,75,NA
"416","ENVT1104",56,"P",68,56,60,NA
"417","ENVT1104",67,"CR",68,67,70,NA
"418","ENVT1104",66,"CR",68,66,70,84
"419","ENVT1104",63,"CR",68,63,65,NA
"420","ENVT1104",64,"CR",68,64,65,NA
"421","ENVT1104",71,"D",68,71,75,NA
"422","ENVT1104",60,"CR",68,60,65,NA
"423","ENVT1104",70,"D",68,70,75,59.483
"424","ENVT1104",70,"D",68,70,75,NA
"425","ENVT1104",77,"D",68,77,80,80.75
"426","ENVT1104",74,"D",68,74,75,NA
"427","ENVT1104",57,"P",68,57,60,54.25
"428","ENVT1104",69,"CR",68,69,70,79.25
"429","ENVT1104",68,"CR",68,68,70,NA
"430","ENVT1104",66,"CR",68,66,70,NA
"431","ENVT1104",72,"D",68,72,75,NA
"432","ENVT1104",38,"N",68,38,40,NA
"433","ENVT1104",71,"D",68,71,75,NA
"434","ENVT1104",68,"CR",68,68,70,NA
"435","ENVT1104",61,"CR",68,61,65,47.294
"436","ENVT1104",75,"D",68,75,80,70
"437","ENVT1104",69,"CR",68,69,70,70.714
"438","ENVT1104",73,"D",68,73,75,NA
"439","ENVT1104",77,"D",68,77,80,79.5
"440","ENVT1104",59,"P",68,59,60,NA
"441","ENVT1104",77,"D",68,77,80,42.222
"442","ENVT1104",72,"D",68,72,75,65
"443","ENVT1104",64,"CR",68,64,65,NA
"444","ENVT1104",56,"P",68,56,60,52.75
"445","ENVT1104",65,"CR",68,65,70,NA
"446","ENVT1104",89,"HD",68,89,90,87.063
"447","ENVT1104",66,"CR",68,66,70,NA
"448","ENVT1104",61,"CR",68,61,65,NA
"449","ENVT1104",78,"D",68,78,80,NA
"450","ENVT1104",74,"D",68,74,75,NA
"451","ENVT1104",59,"P",68,59,60,NA
"452","ENVT1104",52,"P",68,52,55,NA
"453","ENVT1104",76,"D",68,76,80,NA
"454","ENVT1104",60,"CR",68,60,65,62
"455","ENVT1104",55,"P",68,55,60,NA
"456","ENVT1104",71,"D",68,71,75,NA
"457","ENVT1104",51,"P",68,51,55,NA
"458","ENVT1104",75,"D",68,75,80,75
"459","ENVT1104",69,"CR",68,69,70,NA
"460","ENVT1104",50,"P",68,50,55,NA
"461","ENVT1104",66,"CR",68,66,70,NA
"462","ENVT1104",81,"HD",68,81,85,NA
"463","ENVT1104",75,"D",68,75,80,76.25
"464","ENVT1104",70,"D",68,70,75,66
"465","ENVT1104",57,"P",68,57,60,NA
"466","ENVT1104",80,"HD",68,80,85,NA
"467","ENVT1104",68,"CR",68,68,70,NA
"468","ENVT1104",72,"D",68,72,75,NA
"469","ENVT1104",71,"D",68,71,75,NA
"470","ENVT1104",65,"CR",68,65,70,71.125
"471","ENVT1104",58,"P",68,58,60,NA
"472","ENVT1104",77,"D",68,77,80,83.5
"473","ENVT1104",35,"N",68,35,40,NA
"474","ENVT1104",66,"CR",68,66,70,NA
"475","ENVT1104",71,"D",68,71,75,75.5
"476","ENVT1104",71,"D",68,71,75,NA
"477","ENVT1104",67,"CR",68,67,70,75.5
"478","ENVT1104",0,"N",68,NA,5,NA
"479","ENVT1104",71,"D",68,71,75,61.714
"480","ENVT1104",73,"D",68,73,75,NA
"481","ENVT1104",71,"D",68,71,75,NA
"482","ENVT1104",72,"D",68,72,75,NA
"483","ENVT1104",55,"P",68,55,60,36.5
"484","ENVT1104",80,"HD",68,80,85,60
"485","ENVT1104",71,"D",68,71,75,73.5
"486","ENVT2220",50,"P",72,50,55,55.357
"487","ENVT2220",52,"P",72,52,55,74.625
"488","ENVT2220",74,"D",72,74,75,NA
"489","ENVT2220",50,"P",72,50,55,52.667
"490","ENVT2220",82,"HD",72,82,85,69.125
"491","ENVT2220",51,"P",72,51,55,64
"492","ENVT2220",68,"CR",72,68,70,NA
"493","ENVT2220",74,"D",72,74,75,67.125
"494","ENVT2220",81,"HD",72,81,85,76.556
"495","ENVT2220",74,"D",72,74,75,65.75
"496","ENVT2220",71,"D",72,71,75,77.75
"497","ENVT2220",66,"CR",72,66,70,NA
"498","ENVT2220",64,"CR",72,64,65,64.571
"499","ENVT2220",77,"D",72,77,80,69.375
"500","ENVT2220",54,"P",72,54,55,60.714
"501","ENVT2220",68,"CR",72,68,70,67.143
"502","ENVT2220",70,"D",72,70,75,68.286
"503","ENVT2220",55,"P",72,55,60,57.652
"504","ENVT2220",80,"HD",72,80,85,79.5
"505","ENVT2220",76,"D",72,76,80,76.5
"506","ENVT2220",57,"P",72,57,60,59.375
"507","ENVT2220",64,"CR",72,64,65,67.938
"508","ENVT2220",63,"CR",72,63,65,68
"509","ENVT2220",86,"HD",72,86,90,80.625
"510","ENVT2220",67,"CR",72,67,70,63.556
"511","ENVT2220",77,"D",72,77,80,70.833
"512","ENVT2220",72,"D",72,72,75,61.591
"513","ENVT2220",67,"CR",72,67,70,65.25
"514","ENVT2220",75,"D",72,75,80,NA
"515","ENVT2220",60,"CR",72,60,65,57.857
"516","ENVT2220",85,"HD",72,85,90,84.364
"517","ENVT2220",50,"P",72,50,55,58
"518","ENVT2220",74,"D",72,74,75,82.5
"519","ENVT2220",80,"HD",72,80,85,67.636
"520","ENVT2220",52,"P",72,52,55,66.143
"521","ENVT2220",81,"HD",72,81,85,71.636
"522","ENVT2220",76,"D",72,76,80,46.615
"523","ENVT2220",80,"HD",72,80,85,62.563
"524","ENVT2220",80,"HD",72,80,85,NA
"525","ENVT2220",77,"D",72,77,80,62.333
"526","ENVT2220",85,"HD",72,85,90,81
"527","ENVT2220",73,"D",72,73,75,68.25
"528","ENVT2220",0,"N",72,NA,5,NA
"529","ENVT2220",63,"CR",72,63,65,61
"530","ENVT2220",34,"N",72,34,35,56.625
"531","ENVT2220",75,"D",72,75,80,81.625
"532","ENVT2220",73,"D",72,73,75,53.091
"533","ENVT2220",24,"N",72,24,25,54.8
"534","ENVT2220",51,"P",72,51,55,60.25
"535","ENVT2220",92,"HD",72,92,95,NA
"536","ENVT2220",87,"HD",72,87,90,76.375
"537","ENVT2220",83,"HD",72,83,85,74.125
"538","ENVT2220",86,"HD",72,86,90,72.125
"539","ENVT2220",83,"HD",72,83,85,76.375
"540","ENVT2220",62,"CR",72,62,65,68.667
"541","ENVT2220",65,"CR",72,65,70,46.429
"542","ENVT2220",78,"D",72,78,80,74.25
"543","ENVT2220",90,"HD",72,90,95,83.25
"544","ENVT2220",72,"D",72,72,75,63.286
"545","ENVT2220",82,"HD",72,82,85,NA
"546","ENVT2220",68,"CR",72,68,70,60.958
"547","ENVT2220",66,"CR",72,66,70,62.818
"548","ENVT2220",70,"D",72,70,75,NA
"549","ENVT2220",70,"D",72,70,75,NA
"550","ENVT2220",80,"HD",72,80,85,68.875
"551","ENVT2220",77,"D",72,77,80,69.727
"552","ENVT2220",58,"P",72,58,60,60.462
"553","ENVT2220",70,"D",72,70,75,72
"554","ENVT2220",77,"D",72,77,80,64.2
"555","ENVT2220",78,"D",72,78,80,68.5
"556","ENVT2220",90,"HD",72,90,95,78.9
"557","ENVT2220",61,"CR",72,61,65,70
"558","ENVT2220",62,"CR",72,62,65,NA
"559","ENVT2220",81,"HD",72,81,85,NA
"560","ENVT2220",65,"CR",72,65,70,NA
"561","ENVT2220",70,"D",72,70,75,48.813
"562","ENVT2220",77,"D",72,77,80,75.25
"563","ENVT2220",58,"P",72,58,60,59.25
"564","ENVT2220",81,"HD",72,81,85,81.125
"565","ENVT2220",54,"P",72,54,55,36
"566","ENVT2220",48,"N+",72,48,50,49.625
"567","ENVT2220",56,"P",72,56,60,66.667
"568","ENVT2220",74,"D",72,74,75,78.583
"569","ENVT2220",53,"P",72,53,55,60.208
"570","ENVT2220",86,"HD",72,86,90,68.5
"571","ENVT2220",70,"D",72,70,75,62.5
"572","ENVT2220",73,"D",72,73,75,70.438
"573","ENVT2220",57,"P",72,57,60,65.071
"574","ENVT2220",66,"CR",72,66,70,75.25
"575","ENVT2220",67,"CR",72,67,70,63.852
"576","ENVT2220",68,"CR",72,68,70,71.5
"577","ENVT2220",65,"CR",72,65,70,64
"578","ENVT2220",52,"P",72,52,55,59.75
"579","ENVT2220",70,"D",72,70,75,69.762
"580","ENVT2220",55,"P",72,55,60,52.667
"581","ENVT2220",77,"D",72,77,80,68
"582","ENVT2220",65,"CR",72,65,70,68.8
"583","ENVT2220",80,"HD",72,80,85,76.25
"584","ENVT2220",15,"N",72,15,20,NA
"585","ENVT2220",70,"D",72,70,75,59.333
"586","ENVT2220",86,"HD",72,86,90,82.625
"587","ENVT2220",76,"D",72,76,80,46
"588","ENVT2220",72,"D",72,72,75,66.813
"589","ENVT2220",67,"CR",72,67,70,66
"590","ENVT2220",80,"HD",72,80,85,78.571
"591","ENVT2220",80,"HD",72,80,85,82.75
"592","ENVT2220",83,"HD",72,83,85,84
"593","ENVT2220",64,"CR",72,64,65,50.533
"594","ENVT2220",88,"HD",72,88,90,78.25
"595","ENVT2220",86,"HD",72,86,90,68.75
"596","ENVT2220",80,"HD",72,80,85,80.75
"597","ENVT2220",70,"D",72,70,75,69.875
"598","ENVT2220",75,"D",72,75,80,68.75
"599","ENVT2220",66,"CR",72,66,70,69.5
"600","ENVT2220",42,"N",72,42,45,NA
"601","ENVT2220",57,"P",72,57,60,67.6
"602","ENVT2220",76,"D",72,76,80,53.9
"603","ENVT2220",70,"D",72,70,75,62.125
"604","ENVT2220",80,"HD",72,80,85,69.238
"605","ENVT2220",45,"N+",72,45,50,57.625
"606","ENVT2220",74,"D",72,74,75,61.071
"607","ENVT2220",80,"HD",72,80,85,70.063
"608","ENVT2220",57,"P",72,57,60,NA
"609","ENVT2220",83,"HD",72,83,85,77.875
"610","ENVT2220",70,"D",72,70,75,NA
"611","ENVT2220",72,"D",72,72,75,47.294
"612","ENVT2220",41,"N",72,41,45,58.857
"613","ENVT2220",91,"HD",72,91,95,82.529
"614","ENVT2220",81,"HD",72,81,85,NA
"615","ENVT2220",88,"HD",72,88,90,74.875
"616","ENVT2220",35,"N",72,35,40,66.286
"617","ENVT2220",17,"N",72,17,20,NA
"618","ENVT2220",66,"CR",72,66,70,67.75
"619","ENVT2220",76,"D",72,76,80,67.188
"620","ENVT2220",70,"D",72,70,75,59.65
"621","ENVT2220",80,"HD",72,80,85,71
"622","ENVT2220",52,"P",72,52,55,57.125
"623","ENVT2220",67,"CR",72,67,70,74.875
"624","ENVT2220",68,"CR",72,68,70,NA
"625","ENVT2220",74,"D",72,74,75,NA
"626","ENVT2220",57,"P",72,57,60,55.75
"627","ENVT2220",87,"HD",72,87,90,77.5
"628","ENVT2220",68,"CR",72,68,70,NA
"629","ENVT2220",30,"N",72,30,35,62.875
"630","ENVT2220",81,"HD",72,81,85,74.25
"631","ENVT2220",81,"HD",72,81,85,77.125
"632","ENVT2220",74,"D",72,74,75,66
"633","ENVT2220",75,"D",72,75,80,69.125
"634","ENVT2220",56,"P",72,56,60,66
"635","ENVT2220",66,"CR",72,66,70,64
"636","ENVT2220",82,"HD",72,82,85,79.625
"637","ENVT2220",82,"HD",72,82,85,73.5
"638","ENVT2220",65,"CR",72,65,70,69.267
"639","ENVT2220",65,"CR",72,65,70,64.3
"640","ENVT2220",85,"HD",72,85,90,61.727
"641","ENVT2220",80,"HD",72,80,85,61.615
"642","ENVT2220",81,"HD",72,81,85,77.563
"643","ENVT2220",62,"CR",72,62,65,71.125
"644","ENVT2220",84,"HD",72,84,85,69.2
"645","ENVT2220",88,"HD",72,88,90,83.5
"646","ENVT2220",71,"D",72,71,75,NA
"647","ENVT2220",77,"D",72,77,80,75.5
"648","ENVT2220",81,"HD",72,81,85,73.625
"649","ENVT2220",52,"P",72,52,55,50.286
"650","ENVT2220",72,"D",72,72,75,73.125
"651","ENVT2220",77,"D",72,77,80,58.545
"652","ENVT2220",86,"HD",72,86,90,75.25
"653","ENVT2220",61,"CR",72,61,65,36.5
"654","ENVT2220",74,"D",72,74,75,74.063
"655","ENVT2220",87,"HD",72,87,90,83.75
"656","ENVT2220",88,"HD",72,88,90,84.053
"657","ENVT2220",87,"HD",72,87,90,80.75
"658","ENVT2220",71,"D",72,71,75,60
"659","ENVT2220",72,"D",72,72,75,72.438
"660","ENVT2220",61,"CR",72,61,65,45.5
"661","ENVT2222",80,"HD",66,80,85,73.643
"662","ENVT2222",73,"D",66,73,75,NA
"663","ENVT2222",0,"N",66,NA,5,63
"664","ENVT2222",66,"CR",66,66,70,NA
"665","ENVT2222",73,"D",66,73,75,51.417
"666","ENVT2222",66,"CR",66,66,70,NA
"667","ENVT2222",66,"CR",66,66,70,57
"668","ENVT2222",0,"N",66,NA,5,41.154
"669","ENVT2222",56,"P",66,56,60,NA
"670","ENVT2222",68,"CR",66,68,70,64.5
"671","ENVT2222",0,"N",66,NA,5,58.636
"672","ENVT2222",71,"D",66,71,75,69.714
"673","ENVT2222",65,"CR",66,65,70,NA
"674","ENVT2222",79,"D",66,79,80,59.938
"675","ENVT2222",80,"HD",66,80,85,69.909
"676","ENVT2222",75,"D",66,75,80,69.2
"677","ENVT2222",50,"P",66,50,55,53.136
"678","ENVT2236",47,"N+",72,47,50,74.625
"679","ENVT2236",75,"D",72,75,80,69.125
"680","ENVT2236",58,"P",72,58,60,54.619
"681","ENVT2236",80,"HD",72,80,85,69.417
"682","ENVT2236",74,"D",72,74,75,76.556
"683","ENVT2236",68,"CR",72,68,70,65.75
"684","ENVT2236",76,"D",72,76,80,64.688
"685","ENVT2236",74,"D",72,74,75,77.75
"686","ENVT2236",71,"D",72,71,75,73.5
"687","ENVT2236",76,"D",72,76,80,79.5
"688","ENVT2236",70,"D",72,70,75,80.625
"689","ENVT2236",85,"HD",72,85,90,89.375
"690","ENVT2236",63,"CR",72,63,65,63.556
"691","ENVT2236",80,"HD",72,80,85,70.833
"692","ENVT2236",33,"N",72,33,35,59
"693","ENVT2236",78,"D",72,78,80,84.364
"694","ENVT2236",75,"D",72,75,80,75.625
"695","ENVT2236",74,"D",72,74,75,58.286
"696","ENVT2236",65,"CR",72,65,70,61.5
"697","ENVT2236",71,"D",72,71,75,58.818
"698","ENVT2236",55,"P",72,55,60,67.636
"699","ENVT2236",52,"P",72,52,55,59.625
"700","ENVT2236",72,"D",72,72,75,75.25
"701","ENVT2236",70,"D",72,70,75,72.143
"702","ENVT2236",81,"HD",72,81,85,83.25
"703","ENVT2236",61,"CR",72,61,65,64.333
"704","ENVT2236",80,"HD",72,80,85,81
"705","ENVT2236",66,"CR",72,66,70,61.75
"706","ENVT2236",75,"D",72,75,80,78.25
"707","ENVT2236",46,"N+",72,46,50,60.25
"708","ENVT2236",74,"D",72,74,75,74.125
"709","ENVT2236",73,"D",72,73,75,72.125
"710","ENVT2236",58,"P",72,58,60,60.385
"711","ENVT2236",56,"P",72,56,60,74.25
"712","ENVT2236",68,"CR",72,68,70,63.286
"713","ENVT2236",88,"HD",72,88,90,91.125
"714","ENVT2236",86,"HD",72,86,90,88.375
"715","ENVT2236",82,"HD",72,82,85,NA
"716","ENVT2236",62,"CR",72,62,65,68.778
"717","ENVT2236",70,"D",72,70,75,70.125
"718","ENVT2236",81,"HD",72,81,85,72.75
"719","ENVT2236",68,"CR",72,68,70,NA
"720","ENVT2236",82,"HD",72,82,85,79.25
"721","ENVT2236",65,"CR",72,65,70,64.2
"722","ENVT2236",76,"D",72,76,80,68.5
"723","ENVT2236",72,"D",72,72,75,78.9
"724","ENVT2236",75,"D",72,75,80,60.6
"725","ENVT2236",58,"P",72,58,60,70
"726","ENVT2236",68,"CR",72,68,70,68.2
"727","ENVT2236",58,"P",72,58,60,49.765
"728","ENVT2236",71,"D",72,71,75,75.25
"729","ENVT2236",79,"D",72,79,80,80.063
"730","ENVT2236",71,"D",72,71,75,81.125
"731","ENVT2236",80,"HD",72,80,85,78.583
"732","ENVT2236",66,"CR",72,66,70,70.375
"733","ENVT2236",76,"D",72,76,80,75.5
"734","ENVT2236",77,"D",72,77,80,68.5
"735","ENVT2236",78,"D",72,78,80,76
"736","ENVT2236",65,"CR",72,65,70,73.5
"737","ENVT2236",76,"D",72,76,80,75.25
"738","ENVT2236",76,"D",72,76,80,73.25
"739","ENVT2236",56,"P",72,56,60,64
"740","ENVT2236",67,"CR",72,67,70,59.75
"741","ENVT2236",51,"P",72,51,55,71.5
"742","ENVT2236",73,"D",72,73,75,68
"743","ENVT2236",77,"D",72,77,80,76.25
"744","ENVT2236",69,"CR",72,69,70,71.375
"745","ENVT2236",77,"D",72,77,80,84.75
"746","ENVT2236",58,"P",72,58,60,61.25
"747","ENVT2236",82,"HD",72,82,85,80.75
"748","ENVT2236",67,"CR",72,67,70,78.625
"749","ENVT2236",79,"D",72,79,80,82.75
"750","ENVT2236",75,"D",72,75,80,84
"751","ENVT2236",58,"P",72,58,60,50.533
"752","ENVT2236",76,"D",72,76,80,78.625
"753","ENVT2236",66,"CR",72,66,70,57
"754","ENVT2236",68,"CR",72,68,70,69.5
"755","ENVT2236",54,"P",72,54,55,67.6
"756","ENVT2236",73,"D",72,73,75,53.9
"757","ENVT2236",79,"D",72,79,80,77.875
"758","ENVT2236",74,"D",72,74,75,55.375
"759","ENVT2236",68,"CR",72,68,70,66.5
"760","ENVT2236",76,"D",72,76,80,65.563
"761","ENVT2236",77,"D",72,77,80,74.875
"762","ENVT2236",30,"N",72,30,35,66.286
"763","ENVT2236",74,"D",72,74,75,69.25
"764","ENVT2236",76,"D",72,76,80,51.667
"765","ENVT2236",29,"N",72,29,30,65
"766","ENVT2236",69,"CR",72,69,70,67.188
"767","ENVT2236",70,"D",72,70,75,53.55
"768","ENVT2236",72,"D",72,72,75,72.375
"769","ENVT2236",71,"D",72,71,75,51.778
"770","ENVT2236",69,"CR",72,69,70,60.133
"771","ENVT2236",75,"D",72,75,80,79
"772","ENVT2236",74,"D",72,74,75,77.5
"773","ENVT2236",53,"P",72,53,55,60.375
"774","ENVT2236",15,"N",72,15,20,62.875
"775","ENVT2236",78,"D",72,78,80,74.25
"776","ENVT2236",63,"CR",72,63,65,65.125
"777","ENVT2236",85,"HD",72,85,90,77.125
"778","ENVT2236",68,"CR",72,68,70,66
"779","ENVT2236",69,"CR",72,69,70,64
"780","ENVT2236",82,"HD",72,82,85,79.625
"781","ENVT2236",77,"D",72,77,80,73.5
"782","ENVT2236",53,"P",72,53,55,58.75
"783","ENVT2236",61,"CR",72,61,65,64.3
"784","ENVT2236",70,"D",72,70,75,63.875
"785","ENVT2236",61,"CR",72,61,65,65.875
"786","ENVT2236",79,"D",72,79,80,63.842
"787","ENVT2236",60,"CR",72,60,65,56.857
"788","ENVT2236",67,"CR",72,67,70,70.125
"789","ENVT2236",79,"D",72,79,80,79
"790","ENVT2236",74,"D",72,74,75,61.5
"791","ENVT2236",6,"N",72,6,10,55.471
"792","ENVT2236",67,"CR",72,67,70,75.5
"793","ENVT2236",73,"D",72,73,75,73.625
"794","ENVT2236",63,"CR",72,63,65,74.625
"795","ENVT2236",76,"D",72,76,80,77.714
"796","ENVT2236",78,"D",72,78,80,77.333
"797","ENVT2236",76,"D",72,76,80,58.545
"798","ENVT2236",75,"D",72,75,80,75.25
"799","ENVT2236",80,"HD",72,80,85,73.833
"800","ENVT2236",83,"HD",72,83,85,83.75
"801","ENVT2236",80,"HD",72,80,85,77.5
"802","ENVT2236",61,"CR",72,61,65,56.133
"803","ENVT2236",66,"CR",72,66,70,62.5
"804","ENVT3060",76,"D",61.5,76,80,67.696
"805","ENVT3060",63,"CR",61.5,63,65,65.304
"806","ENVT3060",60,"CR",61.5,60,65,68.2
"807","ENVT3060",45,"N+",61.5,45,50,62.833
"808","ENVT3060",50,"P",61.5,50,55,66.267
"809","ENVT3060",78,"D",61.5,78,80,70.8
"810","ENVT3060",54,"P",61.5,54,55,72.136
"811","ENVT3060",86,"HD",61.5,86,90,79.467
"812","ENVT3060",66,"CR",61.5,66,70,67.545
"813","ENVT3060",68,"CR",61.5,68,70,72.625
"814","ENVT3060",60,"CR",61.5,60,65,57.333
"815","ENVT3060",64,"CR",61.5,64,65,66.059
"816","ENVT3060",66,"CR",61.5,66,70,78
"817","ENVT3060",29,"N",61.5,29,30,60.8
"818","ENVT3060",59,"P",61.5,59,60,51.667
"819","ENVT3060",58,"P",61.5,58,60,73.563
"820","ENVT3060",45,"N+",61.5,45,50,55.813
"821","ENVT3060",70,"D",61.5,70,75,70.375
"822","ENVT3060",27,"N",61.5,27,30,61.692
"823","ENVT3060",29,"N",61.5,29,30,59.333
"824","ENVT3060",69,"CR",61.5,69,70,71.833
"825","ENVT3060",70,"D",61.5,70,75,70.5
"826","ENVT3060",50,"P",61.5,50,55,NA
"827","ENVT3060",53,"P",61.5,53,55,NA
"828","ENVT3060",70,"D",61.5,70,75,76.55
"829","ENVT3060",29,"N",61.5,29,30,57.875
"830","ENVT3060",67,"CR",61.5,67,70,67.438
"831","ENVT3060",52,"P",61.5,52,55,65
"832","ENVT3060",84,"HD",61.5,84,85,79.8
"833","ENVT3060",77,"D",61.5,77,80,NA
"834","ENVT3306",74,"D",73.5,74,75,65.526
"835","ENVT3306",75,"D",73.5,75,80,80.8
"836","ENVT3306",71,"D",73.5,71,75,58.375
"837","ENVT3306",63,"CR",73.5,63,65,59.667
"838","ENVT3306",79,"D",73.5,79,80,NA
"839","ENVT3306",73,"D",73.5,73,75,68
"840","ENVT3306",67,"CR",73.5,67,70,56.273
"841","ENVT3306",68,"CR",73.5,68,70,63.556
"842","ENVT3306",70,"D",73.5,70,75,55.867
"843","ENVT3306",77,"D",73.5,77,80,65.409
"844","ENVT3306",80,"HD",73.5,80,85,65.438
"845","ENVT3306",69,"CR",73.5,69,70,66.625
"846","ENVT3306",75,"D",73.5,75,80,NA
"847","ENVT3306",75,"D",73.5,75,80,79
"848","ENVT3306",75,"D",73.5,75,80,59.375
"849","ENVT3306",71,"D",73.5,71,75,65.563
"850","ENVT3306",79,"D",73.5,79,80,63.385
"851","ENVT3306",80,"HD",73.5,80,85,64.438
"852","ENVT3306",77,"D",73.5,77,80,84.75
"853","ENVT3306",77,"D",73.5,77,80,72.182
"854","ENVT3306",47,"N+",73.5,47,50,52.688
"855","ENVT3306",65,"CR",73.5,65,70,65.188
"856","ENVT3306",77,"D",73.5,77,80,54.938
"857","ENVT3306",65,"CR",73.5,65,70,68.538
"858","ENVT3306",71,"D",73.5,71,75,70.2
"859","ENVT3306",68,"CR",73.5,68,70,61.19
"860","ENVT3306",75,"D",73.5,75,80,76.412
"861","ENVT3306",79,"D",73.5,79,80,74.6
"862","ENVT3306",58,"P",73.5,58,60,68.5
"863","ENVT3306",78,"D",73.5,78,80,64.5
"864","ENVT3306",71,"D",73.5,71,75,65.071
"865","ENVT3306",76,"D",73.5,76,80,74.5
"866","ENVT3306",75,"D",73.5,75,80,74.375
"867","ENVT3306",73,"D",73.5,73,75,69.154
"868","ENVT3306",68,"CR",73.5,68,70,67.077
"869","ENVT3306",75,"D",73.5,75,80,71.083
"870","ENVT3306",78,"D",73.5,78,80,66.412
"871","ENVT3306",68,"CR",73.5,68,70,68.417
"872","ENVT3306",83,"HD",73.5,83,85,75.625
"873","ENVT3306",80,"HD",73.5,80,85,78.529
"874","ENVT3306",78,"D",73.5,78,80,69.769
"875","ENVT3306",77,"D",73.5,77,80,72.267
"876","ENVT3306",73,"D",73.5,73,75,50.667
"877","ENVT3306",75,"D",73.5,75,80,65.417
"878","ENVT3306",58,"P",73.5,58,60,NA
"879","ENVT3306",62,"CR",73.5,62,65,66.211
"880","ENVT3306",72,"D",73.5,72,75,59.25
"881","ENVT3306",73,"D",73.5,73,75,NA
"882","ENVT3306",84,"HD",73.5,84,85,82.375
"883","ENVT3306",75,"D",73.5,75,80,58.063
"884","ENVT3306",79,"D",73.5,79,80,55.75
"885","ENVT3306",74,"D",73.5,74,75,74.5
"886","ENVT3306",68,"CR",73.5,68,70,68.4
"887","ENVT3306",77,"D",73.5,77,80,71.35
"888","ENVT3306",60,"CR",73.5,60,65,53.833
"889","ENVT3306",50,"P",73.5,50,55,64.583
"890","ENVT3306",81,"HD",73.5,81,85,68.389
"891","ENVT3306",61,"CR",73.5,61,65,62.526
"892","ENVT3306",72,"D",73.5,72,75,60.5
"893","ENVT3306",67,"CR",73.5,67,70,67.455
"894","ENVT3306",68,"CR",73.5,68,70,69.625
"895","ENVT3306",67,"CR",73.5,67,70,65
"896","ENVT3306",80,"HD",73.5,80,85,63.063
"897","ENVT3306",79,"D",73.5,79,80,NA
"898","ENVT3306",70,"D",73.5,70,75,NA
"899","ENVT3306",63,"CR",73.5,63,65,49.231
"900","ENVT3338",NA,"AC",71.5,NA,NA,66.813
"901","ENVT3338",70,"D",71.5,70,75,65.526
"902","ENVT3338",75,"D",71.5,75,80,59.333
"903","ENVT3338",80,"HD",71.5,80,85,78.364
"904","ENVT3338",74,"D",71.5,74,75,69.375
"905","ENVT3338",71,"D",71.5,71,75,69.938
"906","ENVT3338",73,"D",71.5,73,75,65.25
"907","ENVT3338",72,"D",71.5,72,75,58.286
"908","ENVT3338",69,"CR",71.5,69,70,70.563
"909","ENVT3338",70,"D",71.5,70,75,64.476
"910","ENVT3338",70,"D",71.5,70,75,NA
"911","ENVT3338",74,"D",71.5,74,75,83.25
"912","ENVT3338",65,"CR",71.5,65,70,61.75
"913","ENVT3338",70,"D",71.5,70,75,76.188
"914","ENVT3338",77,"D",71.5,77,80,74.8
"915","ENVT3338",66,"CR",71.5,66,70,60.385
"916","ENVT3338",68,"CR",71.5,68,70,58
"917","ENVT3338",30,"N",71.5,30,35,39.95
"918","ENVT3338",69,"CR",71.5,69,70,70.938
"919","ENVT3338",62,"CR",71.5,62,65,58.063
"920","ENVT3338",NA,"AC",71.5,NA,NA,56.875
"921","ENVT3338",58,"P",71.5,58,60,71.688
"922","ENVT3338",68,"CR",71.5,68,70,54.5
"923","ENVT3338",84,"HD",71.5,84,85,67.625
"924","ENVT3338",73,"D",71.5,73,75,66.917
"925","ENVT3338",75,"D",71.5,75,80,80.063
"926","ENVT3338",71,"D",71.5,71,75,76.563
"927","ENVT3338",66,"CR",71.5,66,70,59.652
"928","ENVT3338",67,"CR",71.5,67,70,68.316
"929","ENVT3338",73,"D",71.5,73,75,72.563
"930","ENVT3338",78,"D",71.5,78,80,60.733
"931","ENVT3338",70,"D",71.5,70,75,80.55
"932","ENVT3338",80,"HD",71.5,80,85,69.5
"933","ENVT3338",77,"D",71.5,77,80,73
"934","ENVT3338",81,"HD",71.5,81,85,60.75
"935","ENVT3338",70,"D",71.5,70,75,76.813
"936","ENVT3338",74,"D",71.5,74,75,63.08
"937","ENVT3338",76,"D",71.5,76,80,72.25
"938","ENVT3338",NA,"AC",71.5,NA,NA,56.7
"939","ENVT3338",74,"D",71.5,74,75,74.444
"940","ENVT3338",77,"D",71.5,77,80,70.938
"941","ENVT3338",77,"D",71.5,77,80,76.045
"942","ENVT3338",72,"D",71.5,72,75,72.263
"943","ENVT3338",66,"CR",71.5,66,70,74
"944","ENVT3338",69,"CR",71.5,69,70,72.688
"945","ENVT3338",NA,"AC",71.5,NA,NA,60.087
"946","ENVT3338",69,"CR",71.5,69,70,71.063
"947","ENVT3338",73,"D",71.5,73,75,71.45
"948","ENVT3338",67,"CR",71.5,67,70,67.75
"949","ENVT3338",72,"D",71.5,72,75,84.375
"950","ENVT3338",67,"CR",71.5,67,70,67.188
"951","ENVT3338",NA,"AC",71.5,NA,NA,68.273
"952","ENVT3338",72,"D",71.5,72,75,67.571
"953","ENVT3338",70,"D",71.5,70,75,81.071
"954","ENVT3338",72,"D",71.5,72,75,74.95
"955","ENVT3338",65,"CR",71.5,65,70,52.464
"956","ENVT3338",67,"CR",71.5,67,70,60.267
"957","ENVT3338",68,"CR",71.5,68,70,81.261
"958","ENVT3338",71,"D",71.5,71,75,69.267
"959","ENVT3338",NA,"AC",71.5,NA,NA,64.3
"960","ENVT3338",78,"D",71.5,78,80,63.842
"961","ENVT3338",73,"D",71.5,73,75,NA
"962","ENVT3338",73,"D",71.5,73,75,52.5
"963","ENVT3338",73,"D",71.5,73,75,62.85
"964","ENVT3338",72,"D",71.5,72,75,77.714
"965","ENVT3338",NA,"AC",71.5,NA,NA,56.6
"966","ENVT3338",56,"P",71.5,56,60,56.133
"967","ENVT3361",28,"N",72,28,30,66.813
"968","ENVT3361",84,"HD",72,84,85,78.364
"969","ENVT3361",73,"D",72,73,75,64.688
"970","ENVT3361",45,"N+",72,45,50,60.938
"971","ENVT3361",86,"HD",72,86,90,69.375
"972","ENVT3361",69,"CR",72,69,70,62.727
"973","ENVT3361",71,"D",72,71,75,69.938
"974","ENVT3361",72,"D",72,72,75,58.286
"975","ENVT3361",64,"CR",72,64,65,70.563
"976","ENVT3361",64,"CR",72,64,65,64.476
"977","ENVT3361",74,"D",72,74,75,62.563
"978","ENVT3361",80,"HD",72,80,85,68.353
"979","ENVT3361",NA,"",72,NA,NA,67
"980","ENVT3361",66,"CR",72,66,70,76.188
"981","ENVT3361",16,"N",72,16,20,39.95
"982","ENVT3361",70,"D",72,70,75,70.938
"983","ENVT3361",NA,"",72,NA,NA,60.692
"984","ENVT3361",61,"CR",72,61,65,58.063
"985","ENVT3361",12,"N",72,12,15,56.875
"986","ENVT3361",60,"CR",72,60,65,71.688
"987","ENVT3361",70,"D",72,70,75,67.625
"988","ENVT3361",70,"D",72,70,75,66.917
"989","ENVT3361",81,"HD",72,81,85,76.273
"990","ENVT3361",65,"CR",72,65,70,73.235
"991","ENVT3361",81,"HD",72,81,85,80.063
"992","ENVT3361",34,"N",72,34,35,76.563
"993","ENVT3361",31,"N",72,31,35,59.652
"994","ENVT3361",84,"HD",72,84,85,68.316
"995","ENVT3361",75,"D",72,75,80,72.563
"996","ENVT3361",58,"P",72,58,60,60.733
"997","ENVT3361",74,"D",72,74,75,80.55
"998","ENVT3361",76,"D",72,76,80,69.5
"999","ENVT3361",76,"D",72,76,80,73
"1000","ENVT3361",75,"D",72,75,80,60.75
"1001","ENVT3361",81,"HD",72,81,85,76.813
"1002","ENVT3361",78,"D",72,78,80,63.08
"1003","ENVT3361",78,"D",72,78,80,61.25
"1004","ENVT3361",81,"HD",72,81,85,72.25
"1005","ENVT3361",14,"N",72,14,15,56.7
"1006","ENVT3361",76,"D",72,76,80,74.444
"1007","ENVT3361",72,"D",72,72,75,70.938
"1008","ENVT3361",74,"D",72,74,75,72.263
"1009","ENVT3361",76,"D",72,76,80,74
"1010","ENVT3361",73,"D",72,73,75,72.688
"1011","ENVT3361",76,"D",72,76,80,71.063
"1012","ENVT3361",82,"HD",72,82,85,69.238
"1013","ENVT3361",72,"D",72,72,75,71.45
"1014","ENVT3361",67,"CR",72,67,70,67.75
"1015","ENVT3361",NA,"",72,NA,NA,84.375
"1016","ENVT3361",NA,"",72,NA,NA,68.273
"1017","ENVT3361",64,"CR",72,64,65,67.571
"1018","ENVT3361",70,"D",72,70,75,81.071
"1019","ENVT3361",80,"HD",72,80,85,74.95
"1020","ENVT3361",65,"CR",72,65,70,60.267
"1021","ENVT3361",NA,"",72,NA,NA,58.182
"1022","ENVT3361",63,"CR",72,63,65,59.706
"1023","ENVT3361",68,"CR",72,68,70,69.267
"1024","ENVT3361",61,"CR",72,61,65,58.625
"1025","ENVT3361",90,"HD",72,90,95,63.842
"1026","ENVT3361",68,"CR",72,68,70,NA
"1027","ENVT3361",73,"D",72,73,75,52.5
"1028","ENVT3361",64,"CR",72,64,65,62.85
"1029","ENVT3361",78,"D",72,78,80,73
"1030","ENVT3361",85,"HD",72,85,90,77.714
"1031","ENVT3361",77,"D",72,77,80,67.857
"1032","GEOG1106",66,"CR",69,66,70,66.813
"1033","GEOG1106",62,"CR",69,62,65,38.444
"1034","GEOG1106",86,"HD",69,86,90,78.875
"1035","GEOG1106",70,"D",69,70,75,64
"1036","GEOG1106",70,"D",69,70,75,71.75
"1037","GEOG1106",50,"P",69,50,55,62.857
"1038","GEOG1106",37,"N",69,37,40,NA
"1039","GEOG1106",82,"HD",69,82,85,NA
"1040","GEOG1106",71,"D",69,71,75,71.25
"1041","GEOG1106",80,"HD",69,80,85,78.75
"1042","GEOG1106",62,"CR",69,62,65,74
"1043","GEOG1106",82,"HD",69,82,85,67.125
"1044","GEOG1106",41,"N",69,41,45,NA
"1045","GEOG1106",58,"P",69,58,60,NA
"1046","GEOG1106",69,"CR",69,69,70,NA
"1047","GEOG1106",80,"HD",69,80,85,75.077
"1048","GEOG1106",73,"D",69,73,75,NA
"1049","GEOG1106",71,"D",69,71,75,55.143
"1050","GEOG1106",29,"N",69,29,30,58.714
"1051","GEOG1106",62,"CR",69,62,65,NA
"1052","GEOG1106",67,"CR",69,67,70,61.556
"1053","GEOG1106",68,"CR",69,68,70,70.125
"1054","GEOG1106",57,"P",69,57,60,NA
"1055","GEOG1106",62,"CR",69,62,65,56.278
"1056","GEOG1106",50,"P",69,50,55,NA
"1057","GEOG1106",66,"CR",69,66,70,NA
"1058","GEOG1106",83,"HD",69,83,85,73.625
"1059","GEOG1106",75,"D",69,75,80,NA
"1060","GEOG1106",55,"P",69,55,60,NA
"1061","GEOG1106",81,"HD",69,81,85,NA
"1062","GEOG1106",78,"D",69,78,80,73.417
"1063","GEOG1106",70,"D",69,70,75,73.867
"1064","GEOG1106",66,"CR",69,66,70,76.375
"1065","GEOG1106",79,"D",69,79,80,75.688
"1066","GEOG1106",69,"CR",69,69,70,62.375
"1067","GEOG1106",84,"HD",69,84,85,NA
"1068","GEOG1106",85,"HD",69,85,90,NA
"1069","GEOG1106",82,"HD",69,82,85,75.5
"1070","GEOG1106",50,"P",69,50,55,56.5
"1071","GEOG1106",70,"D",69,70,75,NA
"1072","GEOG1106",59,"P",69,59,60,65.333
"1073","GEOG1106",88,"HD",69,88,90,78.125
"1074","GEOG1106",83,"HD",69,83,85,60.36
"1075","GEOG1106",67,"CR",69,67,70,65.81
"1076","GEOG1106",61,"CR",69,61,65,NA
"1077","GEOG1106",72,"D",69,72,75,79
"1078","GEOG1106",82,"HD",69,82,85,64.438
"1079","GEOG1106",69,"CR",69,69,70,59
"1080","GEOG1106",66,"CR",69,66,70,51.417
"1081","GEOG1106",76,"D",69,76,80,75.45
"1082","GEOG1106",63,"CR",69,63,65,61.5
"1083","GEOG1106",80,"HD",69,80,85,NA
"1084","GEOG1106",81,"HD",69,81,85,74.75
"1085","GEOG1106",77,"D",69,77,80,NA
"1086","GEOG1106",50,"P",69,50,55,NA
"1087","GEOG1106",73,"D",69,73,75,73.375
"1088","GEOG1106",58,"P",69,58,60,NA
"1089","GEOG1106",72,"D",69,72,75,NA
"1090","GEOG1106",73,"D",69,73,75,NA
"1091","GEOG1106",23,"N",69,23,25,NA
"1092","GEOG1106",78,"D",69,78,80,NA
"1093","GEOG1106",76,"D",69,76,80,68
"1094","GEOG1106",89,"HD",69,89,90,NA
"1095","GEOG1106",70,"D",69,70,75,NA
"1096","GEOG1106",74,"D",69,74,75,70.125
"1097","GEOG1106",65,"CR",69,65,70,62.222
"1098","GEOG1106",78,"D",69,78,80,48.813
"1099","GEOG1106",80,"HD",69,80,85,59.708
"1100","GEOG1106",67,"CR",69,67,70,59.643
"1101","GEOG1106",75,"D",69,75,80,66.875
"1102","GEOG1106",56,"P",69,56,60,44
"1103","GEOG1106",46,"N+",69,46,50,36
"1104","GEOG1106",76,"D",69,76,80,72
"1105","GEOG1106",66,"CR",69,66,70,65.091
"1106","GEOG1106",76,"D",69,76,80,75
"1107","GEOG1106",33,"N",69,33,35,75.667
"1108","GEOG1106",83,"HD",69,83,85,NA
"1109","GEOG1106",65,"CR",69,65,70,59.875
"1110","GEOG1106",76,"D",69,76,80,50.5
"1111","GEOG1106",85,"HD",69,85,90,NA
"1112","GEOG1106",48,"N+",69,48,50,NA
"1113","GEOG1106",67,"CR",69,67,70,NA
"1114","GEOG1106",72,"D",69,72,75,72.55
"1115","GEOG1106",50,"P",69,50,55,NA
"1116","GEOG1106",34,"N",69,34,35,NA
"1117","GEOG1106",37,"N",69,37,40,69.5
"1118","GEOG1106",73,"D",69,73,75,70.813
"1119","GEOG1106",64,"CR",69,64,65,56.273
"1120","GEOG1106",76,"D",69,76,80,NA
"1121","GEOG1106",71,"D",69,71,75,73.8
"1122","GEOG1106",68,"CR",69,68,70,NA
"1123","GEOG1106",72,"D",69,72,75,NA
"1124","GEOG1106",46,"N+",69,46,50,NA
"1125","GEOG1106",57,"P",69,57,60,66.438
"1126","GEOG1106",53,"P",69,53,55,70
"1127","GEOG1106",84,"HD",69,84,85,78.25
"1128","GEOG1106",83,"HD",69,83,85,73.095
"1129","GEOG1106",28,"N",69,28,30,NA
"1130","GEOG1106",77,"D",69,77,80,71.188
"1131","GEOG1106",56,"P",69,56,60,60.118
"1132","GEOG1106",73,"D",69,73,75,70.813
"1133","GEOG1106",58,"P",69,58,60,69.5
"1134","GEOG1106",43,"N",69,43,45,NA
"1135","GEOG1106",55,"P",69,55,60,41.333
"1136","GEOG1106",70,"D",69,70,75,76.625
"1137","GEOG1106",88,"HD",69,88,90,72.45
"1138","GEOG1106",67,"CR",69,67,70,NA
"1139","GEOG1106",67,"CR",69,67,70,54.429
"1140","GEOG1106",66,"CR",69,66,70,75.563
"1141","GEOG1106",61,"CR",69,61,65,65
"1142","GEOG1106",69,"CR",69,69,70,62.13
"1143","GEOG1106",70,"D",69,70,75,59.938
"1144","GEOG1106",63,"CR",69,63,65,48.389
"1145","GEOG1106",74,"D",69,74,75,68.667
"1146","GEOG1106",0,"N",69,NA,5,NA
"1147","GEOG1106",86,"HD",69,86,90,NA
"1148","GEOG1106",66,"CR",69,66,70,NA
"1149","GEOG1106",0,"N",69,NA,5,58.063
"1150","GEOG1106",66,"CR",69,66,70,55.75
"1151","GEOG1106",65,"CR",69,65,70,81
"1152","GEOG1106",80,"HD",69,80,85,NA
"1153","GEOG1106",61,"CR",69,61,65,64.25
"1154","GEOG1106",64,"CR",69,64,65,NA
"1155","GEOG1106",79,"D",69,79,80,64.182
"1156","GEOG1106",71,"D",69,71,75,77.556
"1157","GEOG1106",79,"D",69,79,80,81
"1158","GEOG1106",6,"N",69,6,10,NA
"1159","GEOG1106",78,"D",69,78,80,NA
"1160","GEOG1106",47,"N+",69,47,50,NA
"1161","GEOG1106",72,"D",69,72,75,72.5
"1162","GEOG1106",74,"D",69,74,75,60.125
"1163","GEOG1106",59,"P",69,59,60,66.125
"1164","GEOG1106",54,"P",69,54,55,NA
"1165","GEOG1106",63,"CR",69,63,65,50.8
"1166","GEOG1106",64,"CR",69,64,65,NA
"1167","GEOG1106",63,"CR",69,63,65,69.25
"1168","GEOG1106",64,"CR",69,64,65,NA
"1169","GEOG1106",63,"CR",69,63,65,66
"1170","GEOG1106",73,"D",69,73,75,67.5
"1171","GEOG1106",66,"CR",69,66,70,63.875
"1172","GEOG1106",74,"D",69,74,75,76.762
"1173","GEOG1106",0,"N",69,NA,5,NA
"1174","GEOG1106",53,"P",69,53,55,NA
"1175","GEOG1106",77,"D",69,77,80,58.958
"1176","GEOG1106",89,"HD",69,89,90,77.917
"1177","GEOG1106",82,"HD",69,82,85,NA
"1178","GEOG1106",25,"N",69,25,30,NA
"1179","GEOG1106",83,"HD",69,83,85,84.375
"1180","GEOG1106",50,"P",69,50,55,NA
"1181","GEOG1106",36,"N",69,36,40,NA
"1182","GEOG1106",81,"HD",69,81,85,62.789
"1183","GEOG1106",81,"HD",69,81,85,68.125
"1184","GEOG1106",80,"HD",69,80,85,75.688
"1185","GEOG1106",60,"CR",69,60,65,NA
"1186","GEOG3300",75,"D",76.5,75,80,64.476
"1187","GEOG3300",74,"D",76.5,74,75,74.8
"1188","GEOG3300",87,"HD",76.5,87,90,79
"1189","GEOG3300",66,"CR",76.5,66,70,72.563
"1190","GEOG3300",77,"D",76.5,77,80,59.333
"1191","GEOG3300",79,"D",76.5,79,80,72.25
"1192","GEOG3300",77,"D",76.5,77,80,68.417
"1193","GEOG3300",80,"HD",76.5,80,85,74
"1194","GEOG3300",76,"D",76.5,76,80,49.231
"1195","GEOG3300",74,"D",76.5,74,75,80.941
"1196","SCIE1104",76,"D",75,76,80,NA
"1197","SCIE1104",75,"D",75,75,80,57.167
"1198","SCIE1104",79,"D",75,79,80,NA
"1199","SCIE1104",80,"HD",75,80,85,NA
"1200","SCIE1104",65,"CR",75,65,70,70.333
"1201","SCIE1104",74,"D",75,74,75,72.5
"1202","SCIE1104",81,"HD",75,81,85,61.429
"1203","SCIE1104",76,"D",75,76,80,NA
"1204","SCIE1104",77,"D",75,77,80,78.125
"1205","SCIE1104",75,"D",75,75,80,67.125
"1206","SCIE1104",86,"HD",75,86,90,NA
"1207","SCIE1104",65,"CR",75,65,70,59.667
"1208","SCIE1104",76,"D",75,76,80,NA
"1209","SCIE1104",18,"N",75,18,20,NA
"1210","SCIE1104",65,"CR",75,65,70,49.778
"1211","SCIE1104",17,"N",75,17,20,56.458
"1212","SCIE1104",82,"HD",75,82,85,NA
"1213","SCIE1104",27,"N",75,27,30,48.762
"1214","SCIE1104",70,"D",75,70,75,NA
"1215","SCIE1104",NA,"",75,NA,NA,62.5
"1216","SCIE1104",68,"CR",75,68,70,63.444
"1217","SCIE1104",74,"D",75,74,75,NA
"1218","SCIE1104",54,"P",75,54,55,41.667
"1219","SCIE1104",21,"N",75,21,25,58
"1220","SCIE1104",65,"CR",75,65,70,66
"1221","SCIE1104",75,"D",75,75,80,NA
"1222","SCIE1104",85,"HD",75,85,90,NA
"1223","SCIE1104",70,"D",75,70,75,NA
"1224","SCIE1104",65,"CR",75,65,70,NA
"1225","SCIE1104",83,"HD",75,83,85,NA
"1226","SCIE1104",75,"D",75,75,80,63.125
"1227","SCIE1104",69,"CR",75,69,70,NA
"1228","SCIE1104",72,"D",75,72,75,NA
"1229","SCIE1104",83,"HD",75,83,85,82.625
"1230","SCIE1104",73,"D",75,73,75,54.75
"1231","SCIE1104",82,"HD",75,82,85,NA
"1232","SCIE1104",73,"D",75,73,75,NA
"1233","SCIE1104",75,"D",75,75,80,NA
"1234","SCIE1104",71,"D",75,71,75,NA
"1235","SCIE1104",77,"D",75,77,80,NA
"1236","SCIE1104",72,"D",75,72,75,NA
"1237","SCIE1104",81,"HD",75,81,85,68.25
"1238","SCIE1104",0,"N",75,NA,5,NA
"1239","SCIE1104",75,"D",75,75,80,67.5
"1240","SCIE1104",71,"D",75,71,75,NA
"1241","SCIE1104",33,"N",75,33,35,NA
"1242","SCIE1104",56,"P",75,56,60,52.4
"1243","SCIE1104",81,"HD",75,81,85,NA
"1244","SCIE1104",73,"D",75,73,75,NA
"1245","SCIE1104",58,"P",75,58,60,NA
"1246","SCIE1104",83,"HD",75,83,85,NA
"1247","SCIE1104",64,"CR",75,64,65,NA
"1248","SCIE1104",67,"CR",75,67,70,NA
"1249","SCIE1104",71,"D",75,71,75,74.571
"1250","SCIE1104",66,"CR",75,66,70,NA
"1251","SCIE1104",83,"HD",75,83,85,76.375
"1252","SCIE1104",36,"N",75,36,40,65.286
"1253","SCIE1104",78,"D",75,78,80,NA
"1254","SCIE1104",70,"D",75,70,75,64.25
"1255","SCIE1104",82,"HD",75,82,85,NA
"1256","SCIE1104",79,"D",75,79,80,NA
"1257","SCIE1104",75,"D",75,75,80,NA
"1258","SCIE1104",75,"D",75,75,80,75.25
"1259","SCIE1104",78,"D",75,78,80,79
"1260","SCIE1104",81,"HD",75,81,85,NA
"1261","SCIE1104",76,"D",75,76,80,50.625
"1262","SCIE1104",55,"P",75,55,60,52.875
"1263","SCIE1104",60,"CR",75,60,65,50.636
"1264","SCIE1104",87,"HD",75,87,90,NA
"1265","SCIE1104",68,"CR",75,68,70,NA
"1266","SCIE1104",64,"CR",75,64,65,67.5
"1267","SCIE1104",66,"CR",75,66,70,NA
"1268","SCIE1104",70,"D",75,70,75,NA
"1269","SCIE1104",80,"HD",75,80,85,NA
"1270","SCIE1104",80,"HD",75,80,85,77
"1271","SCIE1104",83,"HD",75,83,85,NA
"1272","SCIE1104",0,"N",75,NA,5,NA
"1273","SCIE1104",81,"HD",75,81,85,NA
"1274","SCIE1104",88,"HD",75,88,90,NA
"1275","SCIE1104",75,"D",75,75,80,65.188
"1276","SCIE1104",71,"D",75,71,75,51.5
"1277","SCIE1104",81,"HD",75,81,85,NA
"1278","SCIE1104",90,"HD",75,90,95,NA
"1279","SCIE1104",89,"HD",75,89,90,NA
"1280","SCIE1104",59,"P",75,59,60,46.714
"1281","SCIE1104",63,"CR",75,63,65,NA
"1282","SCIE1104",73,"D",75,73,75,NA
"1283","SCIE1104",55,"P",75,55,60,36
"1284","SCIE1104",0,"N",75,NA,5,61.75
"1285","SCIE1104",22,"N",75,22,25,NA
"1286","SCIE1104",64,"CR",75,64,65,56.5
"1287","SCIE1104",70,"D",75,70,75,64.5
"1288","SCIE1104",83,"HD",75,83,85,69.4
"1289","SCIE1104",70,"D",75,70,75,52.875
"1290","SCIE1104",71,"D",75,71,75,NA
"1291","SCIE1104",80,"HD",75,80,85,NA
"1292","SCIE1104",76,"D",75,76,80,NA
"1293","SCIE1104",78,"D",75,78,80,NA
"1294","SCIE1104",87,"HD",75,87,90,NA
"1295","SCIE1104",67,"CR",75,67,70,NA
"1296","SCIE1104",13,"N",75,13,15,NA
"1297","SCIE1104",81,"HD",75,81,85,NA
"1298","SCIE1104",76,"D",75,76,80,82
"1299","SCIE1104",80,"HD",75,80,85,72.375
"1300","SCIE1104",81,"HD",75,81,85,NA
"1301","SCIE1104",71,"D",75,71,75,52.4
"1302","SCIE1104",87,"HD",75,87,90,73.375
"1303","SCIE1104",89,"HD",75,89,90,NA
"1304","SCIE1104",81,"HD",75,81,85,64.25
"1305","SCIE1104",81,"HD",75,81,85,NA
"1306","SCIE1104",81,"HD",75,81,85,NA
"1307","SCIE1104",56,"P",75,56,60,43.857
"1308","SCIE1104",60,"CR",75,60,65,NA
"1309","SCIE1104",82,"HD",75,82,85,NA
"1310","SCIE1104",86,"HD",75,86,90,NA
"1311","SCIE1104",60,"CR",75,60,65,61.875
"1312","SCIE1104",81,"HD",75,81,85,NA
"1313","SCIE1104",86,"HD",75,86,90,NA
"1314","SCIE1104",70,"D",75,70,75,NA
"1315","SCIE1104",64,"CR",75,64,65,NA
"1316","SCIE1104",87,"HD",75,87,90,NA
"1317","SCIE1104",69,"CR",75,69,70,71.063
"1318","SCIE1104",70,"D",75,70,75,NA
"1319","SCIE1104",83,"HD",75,83,85,57.688
"1320","SCIE1104",64,"CR",75,64,65,68.5
"1321","SCIE1104",NA,"",75,NA,NA,22
"1322","SCIE1104",78,"D",75,78,80,NA
"1323","SCIE1104",82,"HD",75,82,85,NA
"1324","SCIE1104",68,"CR",75,68,70,NA
"1325","SCIE1104",87,"HD",75,87,90,78.4
"1326","SCIE1104",85,"HD",75,85,90,NA
"1327","SCIE1104",56,"P",75,56,60,NA
"1328","SCIE1104",87,"HD",75,87,90,NA
"1329","SCIE1104",83,"HD",75,83,85,NA
"1330","SCIE1104",70,"D",75,70,75,64.818
"1331","SCIE1104",74,"D",75,74,75,NA
"1332","SCIE1104",76,"D",75,76,80,NA
"1333","SCIE1104",71,"D",75,71,75,NA
"1334","SCIE1104",82,"HD",75,82,85,NA
"1335","SCIE1104",80,"HD",75,80,85,75.375
"1336","SCIE1104",91,"HD",75,91,95,NA
"1337","SCIE1104",86,"HD",75,86,90,NA
"1338","SCIE1104",81,"HD",75,81,85,72.111
"1339","SCIE1104",77,"D",75,77,80,63
"1340","SCIE1104",60,"CR",75,60,65,52.75
"1341","SCIE1104",81,"HD",75,81,85,NA
"1342","SCIE1104",73,"D",75,73,75,59.375
"1343","SCIE1104",83,"HD",75,83,85,NA
"1344","SCIE1104",80,"HD",75,80,85,NA
"1345","SCIE1104",75,"D",75,75,80,NA
"1346","SCIE1104",67,"CR",75,67,70,NA
"1347","SCIE1104",74,"D",75,74,75,72
"1348","SCIE1104",83,"HD",75,83,85,56.375
"1349","SCIE1104",55,"P",75,55,60,59.667
"1350","SCIE1104",81,"HD",75,81,85,NA
"1351","SCIE1104",76,"D",75,76,80,63
"1352","SCIE1104",69,"CR",75,69,70,61.5
"1353","SCIE1104",61,"CR",75,61,65,NA
"1354","SCIE1104",NA,"",75,NA,NA,63.625
"1355","SCIE1104",87,"HD",75,87,90,NA
"1356","SCIE1104",82,"HD",75,82,85,75
"1357","SCIE1104",NA,"",75,NA,NA,NA
"1358","SCIE1104",83,"HD",75,83,85,76.25
"1359","SCIE1104",65,"CR",75,65,70,NA
"1360","SCIE1104",68,"CR",75,68,70,66
"1361","SCIE1104",79,"D",75,79,80,NA
"1362","SCIE1104",57,"P",75,57,60,NA
"1363","SCIE1104",70,"D",75,70,75,NA
"1364","SCIE1104",NA,"",75,NA,NA,NA
"1365","SCIE1104",77,"D",75,77,80,NA
"1366","SCIE1104",78,"D",75,78,80,NA
"1367","SCIE1104",80,"HD",75,80,85,NA
"1368","SCIE1104",75,"D",75,75,80,59
"1369","SCIE1104",67,"CR",75,67,70,NA
"1370","SCIE1104",86,"HD",75,86,90,NA
"1371","SCIE1104",77,"D",75,77,80,NA
"1372","SCIE1104",63,"CR",75,63,65,NA
"1373","SCIE1104",0,"N",75,NA,5,NA
"1374","SCIE1104",54,"P",75,54,55,NA
"1375","SCIE1104",74,"D",75,74,75,NA
"1376","SCIE1104",75,"D",75,75,80,NA
"1377","SCIE1104",50,"P",75,50,55,50.286
"1378","SCIE1104",88,"HD",75,88,90,NA
"1379","SCIE1104",64,"CR",75,64,65,36.5
"1380","SCIE1104",66,"CR",75,66,70,73
"1381","SCIE1104",85,"HD",75,85,90,NA
"1382","SCIE1104",71,"D",75,71,75,NA
"1383","SCIE1104",40,"N",75,40,45,NA
"1384","SCIE1104",90,"HD",75,90,95,NA
"1385","SCIE1104",84,"HD",75,84,85,NA
"1386","SCIE1104",68,"CR",75,68,70,38.75
"1387","SCIE1104",76,"D",75,76,80,45.5
"1388","SCIE1500",15,"N",71,15,20,63
"1389","SCIE1500",74,"D",71,74,75,NA
"1390","SCIE1500",78,"D",71,78,80,NA
"1391","SCIE1500",64,"CR",71,64,65,82
"1392","SCIE1500",70,"D",71,70,75,72.5
"1393","SCIE1500",60,"CR",71,60,65,57.857
"1394","SCIE1500",70,"D",71,70,75,NA
"1395","SCIE1500",67,"CR",71,67,70,NA
"1396","SCIE1500",63,"CR",71,63,65,49.733
"1397","SCIE1500",87,"HD",71,87,90,NA
"1398","SCIE1500",80,"HD",71,80,85,NA
"1399","SCIE1500",76,"D",71,76,80,64.571
"1400","SCIE1500",45,"N+",71,45,50,59.833
"1401","SCIE1500",60,"CR",71,60,65,47.25
"1402","SCIE1500",0,"N",71,NA,5,NA
"1403","SCIE1500",68,"CR",71,68,70,49.778
"1404","SCIE1500",51,"P",71,51,55,54.857
"1405","SCIE1500",0,"N",71,NA,5,56.458
"1406","SCIE1500",67,"CR",71,67,70,NA
"1407","SCIE1500",71,"D",71,71,75,NA
"1408","SCIE1500",84,"HD",71,84,85,76.625
"1409","SCIE1500",73,"D",71,73,75,NA
"1410","SCIE1500",77,"D",71,77,80,NA
"1411","SCIE1500",39,"N",71,39,40,48.762
"1412","SCIE1500",66,"CR",71,66,70,41.667
"1413","SCIE1500",27,"N",71,27,30,58
"1414","SCIE1500",58,"P",71,58,60,66
"1415","SCIE1500",85,"HD",71,85,90,NA
"1416","SCIE1500",51,"P",71,51,55,NA
"1417","SCIE1500",56,"P",71,56,60,45.5
"1418","SCIE1500",60,"CR",71,60,65,57.875
"1419","SCIE1500",65,"CR",71,65,70,32.615
"1420","SCIE1500",76,"D",71,76,80,NA
"1421","SCIE1500",88,"HD",71,88,90,46.615
"1422","SCIE1500",79,"D",71,79,80,NA
"1423","SCIE1500",57,"P",71,57,60,NA
"1424","SCIE1500",68,"CR",71,68,70,59.875
"1425","SCIE1500",83,"HD",71,83,85,NA
"1426","SCIE1500",74,"D",71,74,75,67.5
"1427","SCIE1500",67,"CR",71,67,70,NA
"1428","SCIE1500",95,"HD",71,95,100,NA
"1429","SCIE1500",50,"P",71,50,55,56.625
"1430","SCIE1500",65,"CR",71,65,70,44.273
"1431","SCIE1500",0,"N",71,NA,5,26.5
"1432","SCIE1500",58,"P",71,58,60,NA
"1433","SCIE1500",77,"D",71,77,80,NA
"1434","SCIE1500",87,"HD",71,87,90,NA
"1435","SCIE1500",71,"D",71,71,75,72.5
"1436","SCIE1500",75,"D",71,75,80,NA
"1437","SCIE1500",59,"P",71,59,60,58.143
"1438","SCIE1500",32,"N",71,32,35,65.286
"1439","SCIE1500",57,"P",71,57,60,70.357
"1440","SCIE1500",15,"N",71,15,20,NA
"1441","SCIE1500",74,"D",71,74,75,NA
"1442","SCIE1500",56,"P",71,56,60,52.875
"1443","SCIE1500",42,"N",71,42,45,63.125
"1444","SCIE1500",74,"D",71,74,75,NA
"1445","SCIE1500",73,"D",71,73,75,NA
"1446","SCIE1500",58,"P",71,58,60,59.714
"1447","SCIE1500",74,"D",71,74,75,70.5
"1448","SCIE1500",74,"D",71,74,75,NA
"1449","SCIE1500",80,"HD",71,80,85,75.75
"1450","SCIE1500",77,"D",71,77,80,NA
"1451","SCIE1500",11,"N",71,11,15,NA
"1452","SCIE1500",61,"CR",71,61,65,51.5
"1453","SCIE1500",43,"N",71,43,45,NA
"1454","SCIE1500",55,"P",71,55,60,55.571
"1455","SCIE1500",60,"CR",71,60,65,NA
"1456","SCIE1500",67,"CR",71,67,70,NA
"1457","SCIE1500",83,"HD",71,83,85,64.231
"1458","SCIE1500",46,"N+",71,46,50,62.833
"1459","SCIE1500",76,"D",71,76,80,NA
"1460","SCIE1500",78,"D",71,78,80,65.7
"1461","SCIE1500",76,"D",71,76,80,NA
"1462","SCIE1500",68,"CR",71,68,70,65
"1463","SCIE1500",80,"HD",71,80,85,NA
"1464","SCIE1500",63,"CR",71,63,65,56.5
"1465","SCIE1500",70,"D",71,70,75,69.5
"1466","SCIE1500",82,"HD",71,82,85,NA
"1467","SCIE1500",78,"D",71,78,80,54.375
"1468","SCIE1500",78,"D",71,78,80,78.375
"1469","SCIE1500",80,"HD",71,80,85,53.125
"1470","SCIE1500",89,"HD",71,89,90,66
"1471","SCIE1500",70,"D",71,70,75,63
"1472","SCIE1500",66,"CR",71,66,70,55.75
"1473","SCIE1500",80,"HD",71,80,85,85.25
"1474","SCIE1500",88,"HD",71,88,90,NA
"1475","SCIE1500",70,"D",71,70,75,NA
"1476","SCIE1500",78,"D",71,78,80,NA
"1477","SCIE1500",65,"CR",71,65,70,NA
"1478","SCIE1500",73,"D",71,73,75,65.167
"1479","SCIE1500",70,"D",71,70,75,NA
"1480","SCIE1500",66,"CR",71,66,70,NA
"1481","SCIE1500",63,"CR",71,63,65,56.25
"1482","SCIE1500",70,"D",71,70,75,68.333
"1483","SCIE1500",87,"HD",71,87,90,NA
"1484","SCIE1500",38,"N",71,38,40,43.857
"1485","SCIE1500",78,"D",71,78,80,NA
"1486","SCIE1500",65,"CR",71,65,70,NA
"1487","SCIE1500",76,"D",71,76,80,63.524
"1488","SCIE1500",86,"HD",71,86,90,NA
"1489","SCIE1500",89,"HD",71,89,90,NA
"1490","SCIE1500",37,"N",71,37,40,61.875
"1491","SCIE1500",77,"D",71,77,80,NA
"1492","SCIE1500",57,"P",71,57,60,NA
"1493","SCIE1500",73,"D",71,73,75,NA
"1494","SCIE1500",79,"D",71,79,80,76
"1495","SCIE1500",84,"HD",71,84,85,NA
"1496","SCIE1500",86,"HD",71,86,90,NA
"1497","SCIE1500",70,"D",71,70,75,49.429
"1498","SCIE1500",87,"HD",71,87,90,NA
"1499","SCIE1500",84,"HD",71,84,85,NA
"1500","SCIE1500",72,"D",71,72,75,67.75
"1501","SCIE1500",71,"D",71,71,75,52.071
"1502","SCIE1500",61,"CR",71,61,65,NA
"1503","SCIE1500",73,"D",71,73,75,NA
"1504","SCIE1500",68,"CR",71,68,70,NA
"1505","SCIE1500",53,"P",71,53,55,NA
"1506","SCIE1500",81,"HD",71,81,85,62.733
"1507","SCIE1500",72,"D",71,72,75,61.125
"1508","SCIE1500",66,"CR",71,66,70,NA
"1509","SCIE1500",78,"D",71,78,80,NA
"1510","SCIE1500",72,"D",71,72,75,NA
"1511","SCIE1500",76,"D",71,76,80,49.125
"1512","SCIE1500",78,"D",71,78,80,58.063
"1513","SCIE1500",86,"HD",71,86,90,NA
"1514","SCIE1500",82,"HD",71,82,85,57.667
"1515","SCIE1500",65,"CR",71,65,70,57.625
"1516","SCIE1500",75,"D",71,75,80,NA
"1517","SCIE1500",72,"D",71,72,75,67
"1518","SCIE1500",68,"CR",71,68,70,NA
"1519","SCIE1500",69,"CR",71,69,70,66
"1520","SCIE1500",85,"HD",71,85,90,56.375
"1521","SCIE1500",82,"HD",71,82,85,NA
"1522","SCIE1500",80,"HD",71,80,85,NA
"1523","SCIE1500",74,"D",71,74,75,61.5
"1524","SCIE1500",17,"N",71,17,20,NA
"1525","SCIE1500",67,"CR",71,67,70,NA
"1526","SCIE1500",68,"CR",71,68,70,63.625
"1527","SCIE1500",75,"D",71,75,80,57.571
"1528","SCIE1500",68,"CR",71,68,70,56.75
"1529","SCIE1500",65,"CR",71,65,70,NA
"1530","SCIE1500",71,"D",71,71,75,NA
"1531","SCIE1500",52,"P",71,52,55,NA
"1532","SCIE1500",71,"D",71,71,75,NA
"1533","SCIE1500",73,"D",71,73,75,NA
"1534","SCIE1500",82,"HD",71,82,85,NA
"1535","SCIE1500",45,"N+",71,45,50,49.429
"1536","SCIE1500",82,"HD",71,82,85,69.091
"1537","SCIE1500",70,"D",71,70,75,50.286
"1538","SCIE1500",70,"D",71,70,75,61.714
"1539","SCIE1500",86,"HD",71,86,90,63.944
"1540","SCIE1500",71,"D",71,71,75,NA
"1541","SCIE1500",77,"D",71,77,80,60.625
"1542","SCIE1500",53,"P",71,53,55,77
"1543","SCIE1500",76,"D",71,76,80,NA
"1544","SCIE1500",78,"D",71,78,80,60.818
"1545","SCIE1500",50,"P",71,50,55,53.136
"1546","SCIE1500",55,"P",71,55,60,60.933
